circuit_name,baseline_mode,baseline_num_qudits,baseline_num_gates_original,baseline_total_shuttle_ops,baseline_swap_count,baseline_compile_time_s,baseline_congestion_events,baseline_qubo_triggers,baseline_qubo_accepted,baseline_qubo_acceptance_rate,baseline_kappa_mean,baseline_rho_mean,baseline_depth_mean,baseline_routing_cost_improvement,baseline_success,baseline_error_msg,hybrid_mode,hybrid_num_qudits,hybrid_num_gates_original,hybrid_total_shuttle_ops,hybrid_swap_count,hybrid_compile_time_s,hybrid_congestion_events,hybrid_qubo_triggers,hybrid_qubo_accepted,hybrid_qubo_acceptance_rate,hybrid_kappa_mean,hybrid_rho_mean,hybrid_depth_mean,hybrid_routing_cost_improvement,hybrid_success,hybrid_error_msg,shuttle_improvement,swap_improvement,time_overhead,verdict
008_chain_9q.qasm,baseline,9,11,35,14,0.004464666999410838,10,0,0,0.0,0.4971428571428571,0.7333333333333333,0.7,0.0,True,,hybrid_qubo,9,11,35,14,0.0034972499997820705,10,4,0,0.0,0.4971428571428571,0.7333333333333333,0.7,0.0,True,,0.0,0.0,-0.21668290149218938,tie
009_chain_16q.qasm,baseline,16,20,55,27,0.0059481249991222285,18,0,0,0.0,0.5380952380952381,0.8148148148148148,0.7222222222222222,0.0,True,,hybrid_qubo,16,20,55,27,0.005980333000479732,18,9,0,0.0,0.5380952380952381,0.8148148148148148,0.7222222222222222,0.0,True,,0.0,0.0,0.005414815822171848,tie
010_chain_6q.qasm,baseline,6,7,19,7,0.002196166999056004,5,0,0,0.0,0.4971428571428571,0.7333333333333333,0.6,0.0,True,,hybrid_qubo,6,7,19,7,0.002132875000825152,5,2,0,0.0,0.4971428571428571,0.7333333333333333,0.6,0.0,True,,0.0,0.0,-0.028819301199798364,tie
011_chain_13q.qasm,baseline,13,16,49,21,0.005314832997100893,15,0,0,0.0,0.5114285714285715,0.7555555555555555,0.6666666666666666,0.0,True,,hybrid_qubo,13,16,49,21,0.005248291003226768,15,6,0,0.0,0.5114285714285715,0.7555555555555555,0.6666666666666666,0.0,True,,0.0,0.0,-0.012520053576551171,tie
012_chain_20q.qasm,baseline,20,25,71,36,0.007695541004068218,24,0,0,0.0,0.5410714285714285,0.8194444444444444,0.75,0.0,True,,hybrid_qubo,20,25,71,36,0.008272374994703569,24,12,0,0.0,0.5410714285714285,0.8194444444444444,0.75,0.0,True,,0.0,0.0,0.0749569121040885,tie
013_chain_10q.qasm,baseline,10,12,35,16,0.003695958999742288,11,0,0,0.0,0.525974025974026,0.7878787878787878,0.7272727272727273,0.0,True,,hybrid_qubo,10,12,35,16,0.00368654200428864,11,5,0,0.0,0.525974025974026,0.7878787878787878,0.7272727272727273,0.0,True,,0.0,0.0,-0.002547916644720649,tie
014_chain_17q.qasm,baseline,17,22,63,29,0.006572166996193118,20,0,0,0.0,0.5235714285714286,0.7833333333333333,0.7,0.0,True,,hybrid_qubo,17,22,63,29,0.006671041999652516,20,9,0,0.0,0.5235714285714286,0.7833333333333333,0.7,0.0,True,,0.0,0.0,0.015044505642761496,tie
015_chain_7q.qasm,baseline,7,8,22,9,0.0026400830029160716,6,0,0,0.0,0.5142857142857142,0.7777777777777778,0.6666666666666666,0.0,True,,hybrid_qubo,7,8,22,9,0.002546999996411614,6,3,0,0.0,0.5142857142857142,0.7777777777777778,0.6666666666666666,0.0,True,,0.0,0.0,-0.03525760606831063,tie
016_chain_14q.qasm,baseline,14,17,49,23,0.00517020899860654,16,0,0,0.0,0.5303571428571429,0.7916666666666666,0.6875,0.0,True,,hybrid_qubo,14,17,49,23,0.005188791998079978,16,7,0,0.0,0.5303571428571429,0.7916666666666666,0.6875,0.0,True,,0.0,0.0,0.0035942453155077825,tie
017_chain_4q.qasm,baseline,4,4,16,3,0.00143937499524327,3,0,0,0.0,0.35714285714285715,0.4444444444444444,0.3333333333333333,0.0,True,,hybrid_qubo,4,4,16,3,0.0014298750029411167,3,0,0,0.0,0.35714285714285715,0.4444444444444444,0.3333333333333333,0.0,True,,0.0,0.0,-0.0066000815170113025,tie
018_chain_11q.qasm,baseline,11,13,38,18,0.014162125000439119,12,0,0,0.0,0.5321428571428571,0.8055555555555556,0.75,0.0,True,,hybrid_qubo,11,13,38,18,0.004022916997200809,12,6,0,0.0,0.5321428571428571,0.8055555555555556,0.75,0.0,True,,0.0,0.0,-0.7159383216094991,tie
019_chain_18q.qasm,baseline,18,23,63,31,0.006769250001525506,21,0,0,0.0,0.5374149659863946,0.8095238095238095,0.7142857142857143,0.0,True,,hybrid_qubo,18,23,63,31,0.006994250004936475,21,10,0,0.0,0.5374149659863946,0.8095238095238095,0.7142857142857143,0.0,True,,0.0,0.0,0.03323854243236157,tie
020_chain_8q.qasm,baseline,8,10,30,11,0.0037672089965781197,8,0,0,0.0,0.48392857142857143,0.7083333333333333,0.625,0.0,True,,hybrid_qubo,8,10,30,11,0.0035726659989450127,8,3,0,0.0,0.48392857142857143,0.7083333333333333,0.625,0.0,True,,0.0,0.0,-0.051641148078011345,tie
021_chain_15q.qasm,baseline,15,18,52,25,0.0054400829976657405,17,0,0,0.0,0.534453781512605,0.803921568627451,0.7058823529411765,0.0,True,,hybrid_qubo,15,18,52,25,0.005454625003039837,17,8,0,0.0,0.534453781512605,0.803921568627451,0.7058823529411765,0.0,True,,0.0,0.0,0.002673121968972847,tie
022_chain_5q.qasm,baseline,5,5,16,5,0.0062872499984223396,4,0,0,0.0,0.4714285714285714,0.6666666666666666,0.5,0.0,True,,hybrid_qubo,5,5,16,5,0.0016618750014458783,4,1,0,0.0,0.4714285714285714,0.6666666666666666,0.5,0.0,True,,0.0,0.0,-0.7356753744700955,tie
023_chain_12q.qasm,baseline,12,15,46,20,0.004492124993703328,14,0,0,0.0,0.5122448979591837,0.7619047619047619,0.7142857142857143,0.0,True,,hybrid_qubo,12,15,46,20,0.004558125001494773,14,6,0,0.0,0.5122448979591837,0.7619047619047619,0.7142857142857143,0.0,True,,0.0,0.0,0.014692380083803913,tie
024_chain_19q.qasm,baseline,19,24,66,33,0.0072467089994461276,22,0,0,0.0,0.5402597402597402,0.8181818181818181,0.7272727272727273,0.0,True,,hybrid_qubo,19,24,66,33,0.007250959002703894,22,11,0,0.0,0.5402597402597402,0.8181818181818181,0.7272727272727273,0.0,True,,0.0,0.0,0.0005864735644953711,tie
025_chain_9q.qasm,baseline,9,11,30,13,0.003144750000501517,9,0,0,0.0,0.5206349206349207,0.7777777777777778,0.6666666666666666,0.0,True,,hybrid_qubo,9,11,30,13,0.0030898749973857775,9,4,0,0.0,0.5206349206349207,0.7777777777777778,0.6666666666666666,0.0,True,,0.0,0.0,-0.01744971877159973,tie
026_chain_16q.qasm,baseline,16,20,60,27,0.006433875001675915,19,0,0,0.0,0.5195488721804511,0.7719298245614035,0.6842105263157895,0.0,True,,hybrid_qubo,16,20,60,27,0.00636800000211224,19,8,0,0.0,0.5195488721804511,0.7719298245614035,0.6842105263157895,0.0,True,,0.0,0.0,-0.010238775162171532,tie
027_chain_6q.qasm,baseline,6,6,19,7,0.0021926250046817586,5,0,0,0.0,0.4971428571428571,0.7333333333333333,0.6,0.0,True,,hybrid_qubo,6,6,19,7,0.0020953749990439974,5,2,0,0.0,0.4971428571428571,0.7333333333333333,0.6,0.0,True,,0.0,0.0,-0.04435323205295483,tie
028_chain_13q.qasm,baseline,13,16,46,22,0.004956249998940621,15,0,0,0.0,0.5323809523809524,0.7999999999999999,0.7333333333333333,0.0,True,,hybrid_qubo,13,16,46,22,0.004843624999921303,15,7,0,0.0,0.5323809523809524,0.7999999999999999,0.7333333333333333,0.0,True,,0.0,0.0,-0.022723833350494882,tie
029_chain_20q.qasm,baseline,20,26,74,35,0.007921791999251582,24,0,0,0.0,0.5279761904761905,0.7916666666666666,0.7083333333333334,0.0,True,,hybrid_qubo,20,26,74,35,0.008128041998133995,24,11,0,0.0,0.5279761904761905,0.7916666666666666,0.7083333333333334,0.0,True,,0.0,0.0,0.026035775605052214,tie
030_chain_10q.qasm,baseline,10,12,33,15,0.003563000005669892,10,0,0,0.0,0.5285714285714286,0.7999999999999999,0.7,0.0,True,,hybrid_qubo,10,12,33,15,0.0035297089998493902,10,5,0,0.0,0.5285714285714286,0.7999999999999999,0.7,0.0,True,,0.0,0.0,-0.009343532351255956,tie
031_chain_17q.qasm,baseline,17,21,60,29,0.006590541997866239,20,0,0,0.0,0.5342857142857143,0.7999999999999999,0.7,0.0,True,,hybrid_qubo,17,21,60,29,0.006610083000850864,20,9,0,0.0,0.5342857142857143,0.7999999999999999,0.7,0.0,True,,0.0,0.0,0.002965006973774109,tie
032_chain_7q.qasm,baseline,7,8,27,9,0.0028620419980143197,7,0,0,0.0,0.4673469387755102,0.6666666666666666,0.5714285714285714,0.0,True,,hybrid_qubo,7,8,27,9,0.0028400410010362975,7,2,0,0.0,0.4673469387755102,0.6666666666666666,0.5714285714285714,0.0,True,,0.0,0.0,-0.007687167761090352,tie
033_chain_14q.qasm,baseline,14,17,49,24,0.005267082997306716,16,0,0,0.0,0.5366071428571428,0.8125,0.75,0.0,True,,hybrid_qubo,14,17,49,24,0.00520245900406735,16,8,0,0.0,0.5366071428571428,0.8125,0.75,0.0,True,,0.0,0.0,-0.012269408564932527,tie
034_chain_4q.qasm,baseline,4,4,13,4,0.0013190829995437525,3,0,0,0.0,0.4619047619047619,0.6666666666666666,0.6666666666666666,0.0,True,,hybrid_qubo,4,4,13,4,0.0013348330030567013,3,1,0,0.0,0.4619047619047619,0.6666666666666666,0.6666666666666666,0.0,True,,0.0,0.0,0.01194011560940167,tie
035_chain_11q.qasm,baseline,11,14,41,17,0.00400120900303591,12,0,0,0.0,0.5059523809523809,0.75,0.6666666666666666,0.0,True,,hybrid_qubo,11,14,41,17,0.00417916699370835,12,5,0,0.0,0.5059523809523809,0.75,0.6666666666666666,0.0,True,,0.0,0.0,0.04447605474680638,tie
036_chain_18q.qasm,baseline,18,22,63,31,0.006629333998716902,21,0,0,0.0,0.5374149659863946,0.8095238095238095,0.7142857142857143,0.0,True,,hybrid_qubo,18,22,63,31,0.0068032079943805,21,10,0,0.0,0.5374149659863946,0.8095238095238095,0.7142857142857143,0.0,True,,0.0,0.0,0.02622797338273375,tie
037_chain_8q.qasm,baseline,8,9,27,11,0.003329624996695202,8,0,0,0.0,0.5107142857142857,0.75,0.625,0.0,True,,hybrid_qubo,8,9,27,11,0.0033462919964222237,8,3,0,0.0,0.5107142857142857,0.75,0.625,0.0,True,,0.0,0.0,0.00500566872953101,tie
038_chain_15q.qasm,baseline,15,19,57,26,0.0058102080001845025,18,0,0,0.0,0.5206349206349207,0.7777777777777778,0.7222222222222222,0.0,True,,hybrid_qubo,15,19,57,26,0.005900125004700385,18,8,0,0.0,0.5206349206349207,0.7777777777777778,0.7222222222222222,0.0,True,,0.0,0.0,0.015475694590112221,tie
039_chain_5q.qasm,baseline,5,5,16,6,0.001703834001091309,4,0,0,0.0,0.49642857142857144,0.75,0.75,0.0,True,,hybrid_qubo,5,5,16,6,0.0016654589999234304,4,2,0,0.0,0.49642857142857144,0.75,0.75,0.0,True,,0.0,0.0,-0.022522734693226742,tie
040_chain_12q.qasm,baseline,12,15,41,19,0.00427533400215907,13,0,0,0.0,0.5296703296703297,0.7948717948717948,0.6923076923076923,0.0,True,,hybrid_qubo,12,15,41,19,0.004324333000113256,13,6,0,0.0,0.5296703296703297,0.7948717948717948,0.6923076923076923,0.0,True,,0.0,0.0,0.01146085848016587,tie
041_chain_19q.qasm,baseline,19,24,71,33,0.007341458003793377,23,0,0,0.0,0.5248447204968943,0.782608695652174,0.6956521739130435,0.0,True,,hybrid_qubo,19,24,71,33,0.007521666004322469,23,10,0,0.0,0.5248447204968943,0.782608695652174,0.6956521739130435,0.0,True,,0.0,0.0,0.02454662281470199,tie
042_chain_9q.qasm,baseline,9,10,30,13,0.00305333299911581,9,0,0,0.0,0.5206349206349207,0.7777777777777778,0.6666666666666666,0.0,True,,hybrid_qubo,9,10,30,13,0.0030709580023540184,9,4,0,0.0,0.5206349206349207,0.7777777777777778,0.6666666666666666,0.0,True,,0.0,0.0,0.0057723816050565535,tie
043_chain_16q.qasm,baseline,16,20,57,28,0.006118000004789792,19,0,0,0.0,0.5360902255639097,0.8070175438596491,0.7368421052631579,0.0,True,,hybrid_qubo,16,20,57,28,0.006161000004794914,19,9,0,0.0,0.5360902255639097,0.8070175438596491,0.7368421052631579,0.0,True,,0.0,0.0,0.007028440662219193,tie
044_chain_6q.qasm,baseline,6,7,24,8,0.0024235829987446778,6,0,0,0.0,0.4619047619047619,0.6666666666666666,0.6666666666666666,0.0,True,,hybrid_qubo,6,7,24,8,0.0024114170009852387,6,2,0,0.0,0.4619047619047619,0.6666666666666666,0.6666666666666666,0.0,True,,0.0,0.0,-0.005019839537470205,tie
045_chain_13q.qasm,baseline,13,16,44,21,0.00468104200263042,14,0,0,0.0,0.5346938775510204,0.8095238095238095,0.7142857142857143,0.0,True,,hybrid_qubo,13,16,44,21,0.004709417000412941,14,7,0,0.0,0.5346938775510204,0.8095238095238095,0.7142857142857143,0.0,True,,0.0,0.0,0.006061684079436969,tie
046_star_20q.qasm,baseline,20,25,328,145,0.027271958999335766,25,0,0,0.0,0.37405854359218205,0.6368555132782062,0.52,0.0,True,,hybrid_qubo,20,25,328,145,0.032925958003033884,25,0,0,0.0,0.37405854359218205,0.6368555132782062,0.52,0.0,True,,0.0,0.0,0.20731913698740256,tie
047_star_10q.qasm,baseline,10,12,120,44,0.009553916002914775,11,0,0,0.0,0.3448952031487917,0.5637042695866226,0.45454545454545453,0.0,True,,hybrid_qubo,10,12,120,44,0.00971008300257381,11,0,0,0.0,0.3448952031487917,0.5637042695866226,0.45454545454545453,0.0,True,,0.0,0.0,0.016345862744804318,tie
048_star_17q.qasm,baseline,17,21,250,94,0.02014495799812721,19,0,0,0.0,0.3419694695236491,0.5597650653084624,0.3157894736842105,0.0,True,,hybrid_qubo,17,21,250,94,0.03126716699625831,19,0,0,0.0,0.3419694695236491,0.5597650653084624,0.3157894736842105,0.0,True,,0.0,0.0,0.5521088204385973,tie
049_star_7q.qasm,baseline,7,8,37,14,0.0038427920007961802,8,0,0,0.0,0.39092261904761905,0.5728174603174603,0.75,0.0,True,,hybrid_qubo,7,8,37,14,0.003913458000170067,8,0,0,0.0,0.39092261904761905,0.5728174603174603,0.75,0.0,True,,0.0,0.0,0.01838923349461674,tie
050_star_14q.qasm,baseline,14,17,189,78,0.01552583299780963,17,0,0,0.0,0.3449903038138332,0.5649757995755003,0.35294117647058826,0.0,True,,hybrid_qubo,14,17,189,78,0.015401917000417598,17,0,0,0.0,0.3449903038138332,0.5649757995755003,0.35294117647058826,0.0,True,,0.0,0.0,-0.00798127851880892,tie
051_star_4q.qasm,baseline,4,4,12,3,0.0013055829986114986,3,0,0,0.0,0.3888888888888889,0.4888888888888889,0.3333333333333333,0.0,True,,hybrid_qubo,4,4,12,3,0.0012703339962172322,3,0,0,0.0,0.3888888888888889,0.4888888888888889,0.3333333333333333,0.0,True,,0.0,0.0,-0.02699866835869813,tie
052_star_11q.qasm,baseline,11,13,80,29,0.006853375001810491,10,0,0,0.0,0.38704048582995954,0.5770467836257309,0.8,0.0,True,,hybrid_qubo,11,13,80,29,0.006904333000420593,10,0,0,0.0,0.38704048582995954,0.5770467836257309,0.8,0.0,True,,0.0,0.0,0.007435460425941898,tie
053_star_18q.qasm,baseline,18,23,251,101,0.021218624999164604,22,0,0,0.0,0.3577408042815513,0.6104032924888539,0.5,0.0,True,,hybrid_qubo,18,23,251,101,0.020970833000319544,22,0,0,0.0,0.3577408042815513,0.6104032924888539,0.5,0.0,True,,0.0,0.0,-0.011678042231992647,tie
054_star_8q.qasm,baseline,8,9,60,24,0.005972082995867822,9,0,0,0.0,0.3943748259537733,0.6128205128205128,0.3333333333333333,0.0,True,,hybrid_qubo,8,9,60,24,0.0058164590009255335,9,0,0,0.0,0.3943748259537733,0.6128205128205128,0.3333333333333333,0.0,True,,0.0,0.0,-0.026058578732071846,tie
055_star_15q.qasm,baseline,15,19,202,84,0.016797459000372328,19,0,0,0.0,0.34245500467904727,0.5487835951458242,0.3684210526315789,0.0,True,,hybrid_qubo,15,19,202,84,0.016883249998500105,19,0,0,0.0,0.34245500467904727,0.5487835951458242,0.3684210526315789,0.0,True,,0.0,0.0,0.005107379522454991,tie
056_star_5q.qasm,baseline,5,5,23,7,0.002177750000555534,4,0,0,0.0,0.3944805194805195,0.5666666666666667,0.75,0.0,True,,hybrid_qubo,5,5,23,7,0.002203791998908855,4,0,0,0.0,0.3944805194805195,0.5666666666666667,0.75,0.0,True,,0.0,0.0,0.011958212993538275,tie
057_star_12q.qasm,baseline,12,15,150,61,0.01223766700422857,15,0,0,0.0,0.34974102957973924,0.5761867413632119,0.4,0.0,True,,hybrid_qubo,12,15,150,61,0.012572667001222726,15,0,0,0.0,0.34974102957973924,0.5761867413632119,0.4,0.0,True,,0.0,0.0,0.027374498495374988,tie
058_star_19q.qasm,baseline,19,24,271,120,0.02361212500545662,24,0,0,0.0,0.363415404040404,0.6032984341760053,0.4583333333333333,0.0,True,,hybrid_qubo,19,24,271,120,0.023373458003334235,24,0,0,0.0,0.363415404040404,0.6032984341760053,0.4583333333333333,0.0,True,,0.0,0.0,-0.010107815457830682,tie
059_star_9q.qasm,baseline,9,11,111,36,0.008343790999788325,10,0,0,0.0,0.3015063776093188,0.48512414056531705,0.4,0.0,True,,hybrid_qubo,9,11,111,36,0.008347208000486717,10,0,0,0.0,0.3015063776093188,0.48512414056531705,0.4,0.0,True,,0.0,0.0,0.00040952616124712016,tie
060_star_16q.qasm,baseline,16,20,283,115,0.034433459004503675,18,0,0,0.0,0.3333077901806055,0.5904861730123732,0.3333333333333333,0.0,True,,hybrid_qubo,16,20,283,115,0.022668875004455913,18,0,0,0.0,0.3333077901806055,0.5904861730123732,0.3333333333333333,0.0,True,,0.0,0.0,-0.34166140550994395,tie
061_star_6q.qasm,baseline,6,7,31,8,0.0027646660018945113,3,0,0,0.0,0.3470238095238095,0.5481481481481482,0.6666666666666666,0.0,True,,hybrid_qubo,6,7,31,8,0.0026926670034299605,3,0,0,0.0,0.3470238095238095,0.5481481481481482,0.6666666666666666,0.0,True,,0.0,0.0,-0.02604256659401638,tie
062_star_13q.qasm,baseline,13,16,155,63,0.013114332999975886,14,0,0,0.0,0.3536762272476558,0.5934381438126415,0.5,0.0,True,,hybrid_qubo,13,16,155,63,0.012917959000333212,14,0,0,0.0,0.3536762272476558,0.5934381438126415,0.5,0.0,True,,0.0,0.0,-0.014973998269148359,tie
063_star_20q.qasm,baseline,20,25,361,145,0.02996020799764665,24,0,0,0.0,0.3436260441095799,0.575644790793695,0.4583333333333333,0.0,True,,hybrid_qubo,20,25,361,145,0.029823707998730242,24,0,0,0.0,0.3436260441095799,0.575644790793695,0.4583333333333333,0.0,True,,0.0,0.0,-0.004556043099805174,tie
064_star_10q.qasm,baseline,10,12,88,36,0.007740417000604793,12,0,0,0.0,0.3696581196581197,0.5614749984315202,0.3333333333333333,0.0,True,,hybrid_qubo,10,12,88,36,0.007755624996207189,12,0,0,0.0,0.3696581196581197,0.5614749984315202,0.3333333333333333,0.0,True,,0.0,0.0,0.001964751459928804,tie
065_star_17q.qasm,baseline,17,21,356,139,0.027544791999389417,20,0,0,0.0,0.32675097055184266,0.5536640787574164,0.3,0.0,True,,hybrid_qubo,17,21,356,139,0.027401375002227724,20,0,0,0.0,0.32675097055184266,0.5536640787574164,0.3,0.0,True,,0.0,0.0,-0.0052066828881798255,tie
066_star_7q.qasm,baseline,7,8,36,12,0.0038211669962038286,7,0,0,0.0,0.37074829931972786,0.5149659863945578,0.2857142857142857,0.0,True,,hybrid_qubo,7,8,36,12,0.003575542003090959,7,0,0,0.0,0.37074829931972786,0.5149659863945578,0.2857142857142857,0.0,True,,0.0,0.0,-0.06428009907886456,tie
067_star_14q.qasm,baseline,14,17,168,68,0.014063958005863242,16,0,0,0.0,0.3531690896822476,0.5766219352444989,0.4375,0.0,True,,hybrid_qubo,14,17,168,68,0.01400804200238781,16,0,0,0.0,0.3531690896822476,0.5766219352444989,0.4375,0.0,True,,0.0,0.0,-0.003975836919601128,tie
068_star_4q.qasm,baseline,4,4,19,5,0.0018594580033095554,4,0,0,0.0,0.3547619047619047,0.4611111111111111,0.5,0.0,True,,hybrid_qubo,4,4,19,5,0.0017942920021596365,4,0,0,0.0,0.3547619047619047,0.4611111111111111,0.5,0.0,True,,0.0,0.0,-0.03504569666748758,tie
069_star_11q.qasm,baseline,11,13,124,42,0.009847665998677257,13,0,0,0.0,0.3362271062271062,0.5024897807506503,0.3076923076923077,0.0,True,,hybrid_qubo,11,13,124,42,0.022728875002940185,13,0,0,0.0,0.3362271062271062,0.5024897807506503,0.3076923076923077,0.0,True,,0.0,0.0,1.308046902280514,tie
070_star_18q.qasm,baseline,18,23,356,157,0.029200750002928544,22,0,0,0.0,0.350221088292845,0.6234790928555742,0.3181818181818182,0.0,True,,hybrid_qubo,18,23,356,157,0.02922954200039385,22,0,0,0.0,0.350221088292845,0.6234790928555742,0.3181818181818182,0.0,True,,0.0,0.0,0.0009860019849632362,tie
071_star_8q.qasm,baseline,8,9,71,24,0.006685332999040838,9,0,0,0.0,0.34864592035644665,0.5410934744268078,0.5555555555555556,0.0,True,,hybrid_qubo,8,9,71,24,0.006726540996169206,9,0,0,0.0,0.34864592035644665,0.5410934744268078,0.5555555555555556,0.0,True,,0.0,0.0,0.006163940843975757,tie
072_star_15q.qasm,baseline,15,19,242,94,0.020456459002161864,18,0,0,0.0,0.34638908809660446,0.5803315743137725,0.3333333333333333,0.0,True,,hybrid_qubo,15,19,242,94,0.019345791995874606,18,0,0,0.0,0.34638908809660446,0.5803315743137725,0.3333333333333333,0.0,True,,0.0,0.0,-0.05429419657477774,tie
073_star_5q.qasm,baseline,5,5,27,8,0.0025316249957541004,4,0,0,0.0,0.3344988344988345,0.475,0.5,0.0,True,,hybrid_qubo,5,5,27,8,0.0025619579973863438,4,0,0,0.0,0.3344988344988345,0.475,0.5,0.0,True,,0.0,0.0,0.011981633015599069,tie
074_star_12q.qasm,baseline,12,15,122,50,0.010540000002947636,12,0,0,0.0,0.39520123596210555,0.6446969696969697,0.5,0.0,True,,hybrid_qubo,12,15,122,50,0.01054479199956404,12,0,0,0.0,0.39520123596210555,0.6446969696969697,0.5,0.0,True,,0.0,0.0,0.0004546486352052792,tie
075_star_19q.qasm,baseline,19,24,319,134,0.02640141600568313,24,0,0,0.0,0.3560975170958486,0.5942962135366695,0.5416666666666666,0.0,True,,hybrid_qubo,19,24,319,134,0.02673670800140826,24,0,0,0.0,0.3560975170958486,0.5942962135366695,0.5416666666666666,0.0,True,,0.0,0.0,0.012699773211139576,tie
076_star_9q.qasm,baseline,9,11,61,21,0.005149541000719182,7,0,0,0.0,0.39319727891156464,0.6217466743782533,0.5714285714285714,0.0,True,,hybrid_qubo,9,11,61,21,0.005115750005643349,7,0,0,0.0,0.39319727891156464,0.6217466743782533,0.5714285714285714,0.0,True,,0.0,0.0,-0.006561943107378676,tie
077_star_16q.qasm,baseline,16,20,286,120,0.035268583000288345,19,0,0,0.0,0.3337775378069385,0.5865917388069625,0.2631578947368421,0.0,True,,hybrid_qubo,16,20,286,120,0.023198541995952837,19,0,0,0.0,0.3337775378069385,0.5865917388069625,0.2631578947368421,0.0,True,,0.0,0.0,-0.3422320937656278,tie
078_star_6q.qasm,baseline,6,7,30,11,0.003084749994741287,7,0,0,0.0,0.44242424242424244,0.6190476190476191,0.42857142857142855,0.0,True,,hybrid_qubo,6,7,30,11,0.003015875001437962,7,0,0,0.0,0.44242424242424244,0.6190476190476191,0.42857142857142855,0.0,True,,0.0,0.0,-0.022327577087523864,tie
079_star_13q.qasm,baseline,13,16,168,65,0.013630499997816514,15,0,0,0.0,0.33000256322624744,0.5375502992929361,0.2,0.0,True,,hybrid_qubo,13,16,168,65,0.013527750001230743,15,0,0,0.0,0.33000256322624744,0.5375502992929361,0.2,0.0,True,,0.0,0.0,-0.007538241194543938,tie
080_star_20q.qasm,baseline,20,25,380,160,0.030469709003227763,24,0,0,0.0,0.3471848835688121,0.6053606068976439,0.375,0.0,True,,hybrid_qubo,20,25,380,160,0.03048175000003539,24,0,0,0.0,0.3471848835688121,0.6053606068976439,0.375,0.0,True,,0.0,0.0,0.00039517925183840674,tie
081_star_10q.qasm,baseline,10,12,117,39,0.009374791996378917,11,0,0,0.0,0.3134999344090253,0.48830731558004287,0.2727272727272727,0.0,True,,hybrid_qubo,10,12,117,39,0.009253374999389052,11,0,0,0.0,0.3134999344090253,0.48830731558004287,0.2727272727272727,0.0,True,,0.0,0.0,-0.012951433699730397,tie
082_star_17q.qasm,baseline,17,21,263,110,0.0224872909966507,21,0,0,0.0,0.35531506308817234,0.5875986687050858,0.38095238095238093,0.0,True,,hybrid_qubo,17,21,263,110,0.02154129099653801,21,0,0,0.0,0.35531506308817234,0.5875986687050858,0.38095238095238093,0.0,True,,0.0,0.0,-0.042068206448415246,tie
083_star_7q.qasm,baseline,7,8,30,10,0.0033970419972320087,7,0,0,0.0,0.40476190476190477,0.5493506493506494,0.42857142857142855,0.0,True,,hybrid_qubo,7,8,30,10,0.0036634999996749684,7,0,0,0.0,0.40476190476190477,0.5493506493506494,0.42857142857142855,0.0,True,,0.0,0.0,0.07843824205296146,tie
084_long_range_14q.qasm,baseline,14,21,0,0,0.006367250003677327,6,0,0,0.0,0.3333333333333333,0.5905653556969346,0.0,0.0,False,"Routing deadlock: qudits 0/7 cannot be co-located (traps 't0'/'t6' both stayed full) after 23 attempts with no other progress. This needs real congestion resolution (eviction/rerouting), which doesn't exist yet -- see CongestionHandler.",hybrid_qubo,14,21,0,0,0.006263708004553337,6,0,0,0.0,0.3333333333333333,0.5905653556969346,0.0,0.0,False,"Routing deadlock: qudits 0/7 cannot be co-located (traps 't0'/'t6' both stayed full) after 23 attempts with no other progress. This needs real congestion resolution (eviction/rerouting), which doesn't exist yet -- see CongestionHandler.",0.0,0.0,-0.016261651272400313,baseline_failed
085_long_range_4q.qasm,baseline,4,6,0,0,0.0010384579945821315,1,0,0,0.0,0.3333333333333333,0.5,0.0,0.0,False,"Routing deadlock: qudits 1/3 cannot be co-located (traps 't2'/'t0' both stayed full) after 8 attempts with no other progress. This needs real congestion resolution (eviction/rerouting), which doesn't exist yet -- see CongestionHandler.",hybrid_qubo,4,6,0,0,0.0008860410016495734,1,0,0,0.0,0.3333333333333333,0.5,0.0,0.0,False,"Routing deadlock: qudits 1/3 cannot be co-located (traps 't2'/'t0' both stayed full) after 8 attempts with no other progress. This needs real congestion resolution (eviction/rerouting), which doesn't exist yet -- see CongestionHandler.",0.0,0.0,-0.14677241999941426,baseline_failed
086_long_range_11q.qasm,baseline,11,16,0,0,0.006674832999124192,9,0,0,0.0,0.35130718954248363,0.6019818946311583,0.4444444444444444,0.0,False,"Routing deadlock: qudits 8/2 cannot be co-located (traps 't2'/'t7' both stayed full) after 18 attempts with no other progress. This needs real congestion resolution (eviction/rerouting), which doesn't exist yet -- see CongestionHandler.",hybrid_qubo,11,16,0,0,0.007011125002463814,9,0,0,0.0,0.35130718954248363,0.6019818946311583,0.4444444444444444,0.0,False,"Routing deadlock: qudits 8/2 cannot be co-located (traps 't2'/'t7' both stayed full) after 18 attempts with no other progress. This needs real congestion resolution (eviction/rerouting), which doesn't exist yet -- see CongestionHandler.",0.0,0.0,0.0503820849725749,baseline_failed
087_long_range_18q.qasm,baseline,18,27,0,0,0.010654999998223502,8,0,0,0.0,0.3333333333333333,0.6024694713181555,0.0,0.0,False,"Routing deadlock: qudits 1/10 cannot be co-located (traps 't16'/'t10' both stayed full) after 29 attempts with no other progress. This needs real congestion resolution (eviction/rerouting), which doesn't exist yet -- see CongestionHandler.",hybrid_qubo,18,27,0,0,0.0105823749981937,8,0,0,0.0,0.3333333333333333,0.6024694713181555,0.0,0.0,False,"Routing deadlock: qudits 1/10 cannot be co-located (traps 't16'/'t10' both stayed full) after 29 attempts with no other progress. This needs real congestion resolution (eviction/rerouting), which doesn't exist yet -- see CongestionHandler.",0.0,0.0,-0.006816048807312125,baseline_failed
088_long_range_8q.qasm,baseline,8,12,0,0,0.0033292079970124178,3,0,0,0.0,0.3333333333333333,0.5571428571428572,0.0,0.0,False,"Routing deadlock: qudits 2/6 cannot be co-located (traps 't2'/'t6' both stayed full) after 14 attempts with no other progress. This needs real congestion resolution (eviction/rerouting), which doesn't exist yet -- see CongestionHandler.",hybrid_qubo,8,12,0,0,0.003236458003812004,3,0,0,0.0,0.3333333333333333,0.5571428571428572,0.0,0.0,False,"Routing deadlock: qudits 2/6 cannot be co-located (traps 't2'/'t6' both stayed full) after 14 attempts with no other progress. This needs real congestion resolution (eviction/rerouting), which doesn't exist yet -- see CongestionHandler.",0.0,0.0,-0.02785947687367274,baseline_failed
089_long_range_15q.qasm,baseline,15,22,0,0,0.01259987500088755,13,0,0,0.0,0.34691395560960775,0.6164362849870885,0.46153846153846156,0.0,False,"Routing deadlock: qudits 11/3 cannot be co-located (traps 't11'/'t4' both stayed full) after 24 attempts with no other progress. This needs real congestion resolution (eviction/rerouting), which doesn't exist yet -- see CongestionHandler.",hybrid_qubo,15,22,0,0,0.025758540999959223,13,0,0,0.0,0.34691395560960775,0.6164362849870885,0.46153846153846156,0.0,False,"Routing deadlock: qudits 11/3 cannot be co-located (traps 't11'/'t4' both stayed full) after 24 attempts with no other progress. This needs real congestion resolution (eviction/rerouting), which doesn't exist yet -- see CongestionHandler.",0.0,0.0,1.0443489318858132,baseline_failed
090_long_range_5q.qasm,baseline,5,7,32,11,0.0029781249977531843,5,0,0,0.0,0.4083333333333333,0.6367099567099567,0.6,0.0,True,,hybrid_qubo,5,7,32,11,0.0028783329980797134,5,1,0,0.0,0.4083333333333333,0.6367099567099567,0.6,0.0,True,,0.0,0.0,-0.03350833150010757,tie
091_long_range_12q.qasm,baseline,12,18,0,0,0.004797291003342252,5,0,0,0.0,0.3333333333333333,0.5823626373626374,0.0,0.0,False,"Routing deadlock: qudits 3/9 cannot be co-located (traps 't8'/'t2' both stayed full) after 20 attempts with no other progress. This needs real congestion resolution (eviction/rerouting), which doesn't exist yet -- see CongestionHandler.",hybrid_qubo,12,18,0,0,0.004895209000096656,5,0,0,0.0,0.3333333333333333,0.5823626373626374,0.0,0.0,False,"Routing deadlock: qudits 3/9 cannot be co-located (traps 't8'/'t2' both stayed full) after 20 attempts with no other progress. This needs real congestion resolution (eviction/rerouting), which doesn't exist yet -- see CongestionHandler.",0.0,0.0,0.020411102158736094,baseline_failed
092_long_range_19q.qasm,baseline,19,28,467,208,0.03590362500108313,27,0,0,0.0,0.35277931259502404,0.62730189193232,0.6296296296296297,0.0,True,,hybrid_qubo,19,28,467,208,0.03527924999798415,27,1,0,0.0,0.35277931259502404,0.62730189193232,0.6296296296296297,0.0,True,,0.0,0.0,-0.01739030538225983,tie
093_long_range_9q.qasm,baseline,9,13,0,0,0.004130541994527448,7,0,0,0.0,0.3724489795918367,0.5887723529667264,0.42857142857142855,0.0,False,"Routing deadlock: qudits 1/5 cannot be co-located (traps 't7'/'t5' both stayed full) after 15 attempts with no other progress. This needs real congestion resolution (eviction/rerouting), which doesn't exist yet -- see CongestionHandler.",hybrid_qubo,9,13,0,0,0.003993167003500275,7,1,0,0.0,0.3724489795918367,0.5887723529667264,0.42857142857142855,0.0,False,"Routing deadlock: qudits 1/5 cannot be co-located (traps 't7'/'t5' both stayed full) after 15 attempts with no other progress. This needs real congestion resolution (eviction/rerouting), which doesn't exist yet -- see CongestionHandler.",0.0,0.0,-0.03325834508139147,baseline_failed
094_long_range_16q.qasm,baseline,16,24,0,0,0.007891374996688683,7,0,0,0.0,0.3333333333333333,0.5971079672207492,0.0,0.0,False,"Routing deadlock: qudits 4/12 cannot be co-located (traps 't4'/'t12' both stayed full) after 26 attempts with no other progress. This needs real congestion resolution (eviction/rerouting), which doesn't exist yet -- see CongestionHandler.",hybrid_qubo,16,24,0,0,0.00782354100374505,7,0,0,0.0,0.3333333333333333,0.5971079672207492,0.0,0.0,False,"Routing deadlock: qudits 4/12 cannot be co-located (traps 't4'/'t12' both stayed full) after 26 attempts with no other progress. This needs real congestion resolution (eviction/rerouting), which doesn't exist yet -- see CongestionHandler.",0.0,0.0,-0.008595966225416696,baseline_failed
095_long_range_6q.qasm,baseline,6,9,0,0,0.0017157499969471246,2,0,0,0.0,0.3333333333333333,0.5357142857142857,0.0,0.0,False,"Routing deadlock: qudits 0/3 cannot be co-located (traps 't0'/'t2' both stayed full) after 11 attempts with no other progress. This needs real congestion resolution (eviction/rerouting), which doesn't exist yet -- see CongestionHandler.",hybrid_qubo,6,9,0,0,0.0017771249986253679,2,0,0,0.0,0.3333333333333333,0.5357142857142857,0.0,0.0,False,"Routing deadlock: qudits 0/3 cannot be co-located (traps 't0'/'t2' both stayed full) after 11 attempts with no other progress. This needs real congestion resolution (eviction/rerouting), which doesn't exist yet -- see CongestionHandler.",0.0,0.0,0.03577152952787377,baseline_failed
096_long_range_13q.qasm,baseline,13,19,223,85,0.0164885000049253,16,0,0,0.0,0.3411577138139638,0.5891165650127356,0.5625,0.0,True,,hybrid_qubo,13,19,223,85,0.016169707996596117,16,0,0,0.0,0.3411577138139638,0.5891165650127356,0.5625,0.0,True,,0.0,0.0,-0.019334203125448424,tie
097_long_range_20q.qasm,baseline,20,30,0,0,0.012609083001734689,9,0,0,0.0,0.3333333333333333,0.606956990378043,0.0,0.0,False,"Routing deadlock: qudits 5/15 cannot be co-located (traps 't14'/'t4' both stayed full) after 32 attempts with no other progress. This needs real congestion resolution (eviction/rerouting), which doesn't exist yet -- see CongestionHandler.",hybrid_qubo,20,30,0,0,0.012352790996374097,9,0,0,0.0,0.3333333333333333,0.606956990378043,0.0,0.0,False,"Routing deadlock: qudits 5/15 cannot be co-located (traps 't14'/'t4' both stayed full) after 32 attempts with no other progress. This needs real congestion resolution (eviction/rerouting), which doesn't exist yet -- see CongestionHandler.",0.0,0.0,-0.020325982890693428,baseline_failed
098_long_range_10q.qasm,baseline,10,15,0,0,0.003408124997804407,4,0,0,0.0,0.3333333333333333,0.5717032967032967,0.0,0.0,False,"Routing deadlock: qudits 1/6 cannot be co-located (traps 't8'/'t6' both stayed full) after 17 attempts with no other progress. This needs real congestion resolution (eviction/rerouting), which doesn't exist yet -- see CongestionHandler.",hybrid_qubo,10,15,0,0,0.0034052080009132624,4,0,0,0.0,0.3333333333333333,0.5717032967032967,0.0,0.0,False,"Routing deadlock: qudits 1/6 cannot be co-located (traps 't8'/'t6' both stayed full) after 17 attempts with no other progress. This needs real congestion resolution (eviction/rerouting), which doesn't exist yet -- see CongestionHandler.",0.0,0.0,-0.0008558949255158543,baseline_failed
099_long_range_17q.qasm,baseline,17,25,0,0,0.012829624996811617,13,0,0,0.0,0.35931952662721894,0.6141969291122099,0.38461538461538464,0.0,False,"Routing deadlock: qudits 1/9 cannot be co-located (traps 't15'/'t9' both stayed full) after 27 attempts with no other progress. This needs real congestion resolution (eviction/rerouting), which doesn't exist yet -- see CongestionHandler.",hybrid_qubo,17,25,0,0,0.012242124998010695,13,1,0,0.0,0.35931952662721894,0.6141969291122099,0.38461538461538464,0.0,False,"Routing deadlock: qudits 1/9 cannot be co-located (traps 't15'/'t9' both stayed full) after 27 attempts with no other progress. This needs real congestion resolution (eviction/rerouting), which doesn't exist yet -- see CongestionHandler.",0.0,0.0,-0.0457924529319389,baseline_failed
100_long_range_7q.qasm,baseline,7,10,66,30,0.00603991599928122,10,0,0,0.0,0.3862878787878788,0.6167023172905526,0.7,0.0,True,,hybrid_qubo,7,10,66,30,0.0063772079956834204,10,0,0,0.0,0.3862878787878788,0.6167023172905526,0.7,0.0,True,,0.0,0.0,0.05584382240454011,tie
101_long_range_14q.qasm,baseline,14,21,214,90,0.016237040996202268,20,0,0,0.0,0.40814159774111836,0.6675653873989787,0.65,0.0,True,,hybrid_qubo,14,21,214,90,0.016344416995707434,20,4,0,0.0,0.40814159774111836,0.6675653873989787,0.65,0.0,True,,0.0,0.0,0.0066130275541140815,tie
102_long_range_4q.qasm,baseline,4,6,0,0,0.0012497920033638366,3,0,0,0.0,0.4444444444444444,0.611111111111111,0.6666666666666666,0.0,False,"Routing deadlock: qudits 2/3 cannot be co-located (traps 't2'/'t0' both stayed full) after 8 attempts with no other progress. This needs real congestion resolution (eviction/rerouting), which doesn't exist yet -- see CongestionHandler.",hybrid_qubo,4,6,0,0,0.0012758750017383136,3,0,0,0.0,0.4444444444444444,0.611111111111111,0.6666666666666666,0.0,False,"Routing deadlock: qudits 2/3 cannot be co-located (traps 't2'/'t0' both stayed full) after 8 attempts with no other progress. This needs real congestion resolution (eviction/rerouting), which doesn't exist yet -- see CongestionHandler.",0.0,0.0,0.020869871390018613,baseline_failed
103_long_range_11q.qasm,baseline,11,16,0,0,0.005893415996979456,8,0,0,0.0,0.3483455882352941,0.5938962981267197,0.375,0.0,False,"Routing deadlock: qudits 2/7 cannot be co-located (traps None/'t7' both stayed full) after 18 attempts with no other progress. This needs real congestion resolution (eviction/rerouting), which doesn't exist yet -- see CongestionHandler.",hybrid_qubo,11,16,0,0,0.006063834000087809,8,0,0,0.0,0.3483455882352941,0.5938962981267197,0.375,0.0,False,"Routing deadlock: qudits 2/7 cannot be co-located (traps None/'t7' both stayed full) after 18 attempts with no other progress. This needs real congestion resolution (eviction/rerouting), which doesn't exist yet -- see CongestionHandler.",0.0,0.0,0.028916676371682604,baseline_failed
104_long_range_18q.qasm,baseline,18,27,320,136,0.035300083000038285,21,0,0,0.0,0.3933852274482075,0.6773573286616765,0.8571428571428571,0.0,True,,hybrid_qubo,18,27,320,136,0.023858875007135794,21,3,0,0.0,0.3933852274482075,0.6773573286616765,0.8571428571428571,0.0,True,,0.0,0.0,-0.32411277879686806,tie
105_long_range_8q.qasm,baseline,8,12,46,18,0.005961000002571382,9,0,0,0.0,0.4148148148148148,0.6,0.6666666666666666,0.0,True,,hybrid_qubo,8,12,46,18,0.005989249999402091,9,1,0,0.0,0.4148148148148148,0.6,0.6666666666666666,0.0,True,,0.0,0.0,0.004739137194853749,tie
106_long_range_15q.qasm,baseline,15,22,0,0,0.014409750001505017,14,0,0,0.0,0.3447793148880105,0.5966475460161492,0.5,0.0,False,"Routing deadlock: qudits 12/4 cannot be co-located (traps 't2'/'t11' both stayed full) after 24 attempts with no other progress. This needs real congestion resolution (eviction/rerouting), which doesn't exist yet -- see CongestionHandler.",hybrid_qubo,15,22,0,0,0.01336879199516261,14,0,0,0.0,0.3447793148880105,0.5966475460161492,0.5,0.0,False,"Routing deadlock: qudits 12/4 cannot be co-located (traps 't2'/'t11' both stayed full) after 24 attempts with no other progress. This needs real congestion resolution (eviction/rerouting), which doesn't exist yet -- see CongestionHandler.",0.0,0.0,-0.07223983804255352,baseline_failed
107_long_range_5q.qasm,baseline,5,7,32,6,0.002664207997440826,4,0,0,0.0,0.39285714285714285,0.553030303030303,0.75,0.0,True,,hybrid_qubo,5,7,32,6,0.0025411249953322113,4,1,0,0.0,0.39285714285714285,0.553030303030303,0.75,0.0,True,,0.0,0.0,-0.04619872105588052,tie
108_long_range_12q.qasm,baseline,12,18,197,72,0.015238374995533377,17,0,0,0.0,0.35643621084797555,0.5958052264280638,0.7058823529411765,0.0,True,,hybrid_qubo,12,18,197,72,0.014800832999753766,17,2,0,0.0,0.35643621084797555,0.5958052264280638,0.7058823529411765,0.0,True,,0.0,0.0,-0.02871316632566545,tie
109_long_range_19q.qasm,baseline,19,28,471,229,0.036950542002159636,28,0,0,0.0,0.36201460707374494,0.6497393364728371,0.7142857142857143,0.0,True,,hybrid_qubo,19,28,471,229,0.03650691700022435,28,0,0,0.0,0.36201460707374494,0.6497393364728371,0.7142857142857143,0.0,True,,0.0,0.0,-0.012005913253163136,tie
110_long_range_9q.qasm,baseline,9,13,0,0,0.005910290994506795,10,0,0,0.0,0.36345238095238097,0.5917854467215081,0.7,0.0,False,"Routing deadlock: qudits 7/6 cannot be co-located (traps None/'t7' both stayed full) after 15 attempts with no other progress. This needs real congestion resolution (eviction/rerouting), which doesn't exist yet -- see CongestionHandler.",hybrid_qubo,9,13,0,0,0.005831249996845145,10,0,0,0.0,0.36345238095238097,0.5917854467215081,0.7,0.0,False,"Routing deadlock: qudits 7/6 cannot be co-located (traps None/'t7' both stayed full) after 15 attempts with no other progress. This needs real congestion resolution (eviction/rerouting), which doesn't exist yet -- see CongestionHandler.",0.0,0.0,-0.013373452802089347,baseline_failed
111_long_range_16q.qasm,baseline,16,24,0,0,0.014517333002004307,16,0,0,0.0,0.34948269040937974,0.6163041801035222,0.625,0.0,False,"Routing deadlock: qudits 9/4 cannot be co-located (traps None/'t12' both stayed full) after 26 attempts with no other progress. This needs real congestion resolution (eviction/rerouting), which doesn't exist yet -- see CongestionHandler.",hybrid_qubo,16,24,0,0,0.015069459004735108,16,1,0,0.0,0.34948269040937974,0.6163041801035222,0.625,0.0,False,"Routing deadlock: qudits 9/4 cannot be co-located (traps None/'t12' both stayed full) after 26 attempts with no other progress. This needs real congestion resolution (eviction/rerouting), which doesn't exist yet -- see CongestionHandler.",0.0,0.0,0.03803219245949463,baseline_failed
112_long_range_6q.qasm,baseline,6,9,0,0,0.001637708002817817,2,0,0,0.0,0.3333333333333333,0.5357142857142857,0.0,0.0,False,"Routing deadlock: qudits 3/0 cannot be co-located (traps 't2'/'t0' both stayed full) after 11 attempts with no other progress. This needs real congestion resolution (eviction/rerouting), which doesn't exist yet -- see CongestionHandler.",hybrid_qubo,6,9,0,0,0.0016407079965574667,2,0,0,0.0,0.3333333333333333,0.5357142857142857,0.0,0.0,False,"Routing deadlock: qudits 3/0 cannot be co-located (traps 't2'/'t0' both stayed full) after 11 attempts with no other progress. This needs real congestion resolution (eviction/rerouting), which doesn't exist yet -- see CongestionHandler.",0.0,0.0,0.001831824558766293,baseline_failed
113_long_range_13q.qasm,baseline,13,19,0,0,0.0067292919993633404,8,0,0,0.0,0.34502923976608185,0.5871502663806879,0.25,0.0,False,"Routing deadlock: qudits 9/6 cannot be co-located (traps 't9'/'t6' both stayed full) after 21 attempts with no other progress. This needs real congestion resolution (eviction/rerouting), which doesn't exist yet -- see CongestionHandler.",hybrid_qubo,13,19,0,0,0.0067234579983050935,8,0,0,0.0,0.34502923976608185,0.5871502663806879,0.25,0.0,False,"Routing deadlock: qudits 9/6 cannot be co-located (traps 't9'/'t6' both stayed full) after 21 attempts with no other progress. This needs real congestion resolution (eviction/rerouting), which doesn't exist yet -- see CongestionHandler.",0.0,0.0,-0.0008669561461739361,baseline_failed
114_long_range_20q.qasm,baseline,20,30,0,0,0.012083000001439359,9,0,0,0.0,0.3333333333333333,0.606956990378043,0.0,0.0,False,"Routing deadlock: qudits 5/15 cannot be co-located (traps 't14'/'t4' both stayed full) after 32 attempts with no other progress. This needs real congestion resolution (eviction/rerouting), which doesn't exist yet -- see CongestionHandler.",hybrid_qubo,20,30,0,0,0.02300200000172481,9,0,0,0.0,0.3333333333333333,0.606956990378043,0.0,0.0,False,"Routing deadlock: qudits 5/15 cannot be co-located (traps 't14'/'t4' both stayed full) after 32 attempts with no other progress. This needs real congestion resolution (eviction/rerouting), which doesn't exist yet -- see CongestionHandler.",0.0,0.0,0.9036663079520608,baseline_failed
115_long_range_10q.qasm,baseline,10,15,84,39,0.0069988749964977615,11,0,0,0.0,0.43308611323317203,0.6957708957708958,0.7272727272727273,0.0,True,,hybrid_qubo,10,15,84,39,0.007195082995167468,11,1,0,0.0,0.43308611323317203,0.6957708957708958,0.7272727272727273,0.0,True,,0.0,0.0,0.028034219609278432,tie
116_long_range_17q.qasm,baseline,17,25,0,0,0.020782042003702372,22,0,0,0.0,0.3577963582761397,0.6373112577616614,0.6363636363636364,0.0,False,"Routing deadlock: qudits 16/7 cannot be co-located (traps 't0'/None both stayed full) after 27 attempts with no other progress. This needs real congestion resolution (eviction/rerouting), which doesn't exist yet -- see CongestionHandler.",hybrid_qubo,17,25,0,0,0.0213426670015906,22,0,0,0.0,0.3577963582761397,0.6373112577616614,0.6363636363636364,0.0,False,"Routing deadlock: qudits 16/7 cannot be co-located (traps 't0'/None both stayed full) after 27 attempts with no other progress. This needs real congestion resolution (eviction/rerouting), which doesn't exist yet -- see CongestionHandler.",0.0,0.0,0.026976415396925413,baseline_failed
117_long_range_7q.qasm,baseline,7,10,51,26,0.005098000001453329,10,0,0,0.0,0.4523015873015873,0.7198841354723707,0.9,0.0,True,,hybrid_qubo,7,10,51,26,0.005095458000141662,10,1,0,0.0,0.4523015873015873,0.7198841354723707,0.9,0.0,True,,0.0,0.0,-0.0004986271696630906,tie
118_long_range_14q.qasm,baseline,14,21,0,0,0.006259250003495254,6,0,0,0.0,0.3333333333333333,0.5905653556969346,0.0,0.0,False,"Routing deadlock: qudits 6/13 cannot be co-located (traps 't6'/'t0' both stayed full) after 23 attempts with no other progress. This needs real congestion resolution (eviction/rerouting), which doesn't exist yet -- see CongestionHandler.",hybrid_qubo,14,21,0,0,0.006422459002351388,6,0,0,0.0,0.3333333333333333,0.5905653556969346,0.0,0.0,False,"Routing deadlock: qudits 6/13 cannot be co-located (traps 't6'/'t0' both stayed full) after 23 attempts with no other progress. This needs real congestion resolution (eviction/rerouting), which doesn't exist yet -- see CongestionHandler.",0.0,0.0,0.026074849025841118,baseline_failed
119_long_range_4q.qasm,baseline,4,6,0,0,0.000931208000110928,1,0,0,0.0,0.3333333333333333,0.5,0.0,0.0,False,"Routing deadlock: qudits 0/2 cannot be co-located (traps 't0'/'t2' both stayed full) after 8 attempts with no other progress. This needs real congestion resolution (eviction/rerouting), which doesn't exist yet -- see CongestionHandler.",hybrid_qubo,4,6,0,0,0.0008649579976918176,1,0,0,0.0,0.3333333333333333,0.5,0.0,0.0,False,"Routing deadlock: qudits 0/2 cannot be co-located (traps 't0'/'t2' both stayed full) after 8 attempts with no other progress. This needs real congestion resolution (eviction/rerouting), which doesn't exist yet -- see CongestionHandler.",0.0,0.0,-0.07114415083549375,baseline_failed
120_long_range_11q.qasm,baseline,11,16,0,0,0.007917249997262843,12,0,0,0.0,0.374609010270775,0.6320239390108867,0.6666666666666666,0.0,False,"Routing deadlock: qudits 10/4 cannot be co-located (traps 't0'/'t5' both stayed full) after 18 attempts with no other progress. This needs real congestion resolution (eviction/rerouting), which doesn't exist yet -- see CongestionHandler.",hybrid_qubo,11,16,0,0,0.007949124999868218,12,1,0,0.0,0.374609010270775,0.6320239390108867,0.6666666666666666,0.0,False,"Routing deadlock: qudits 10/4 cannot be co-located (traps 't0'/'t5' both stayed full) after 18 attempts with no other progress. This needs real congestion resolution (eviction/rerouting), which doesn't exist yet -- see CongestionHandler.",0.0,0.0,0.004026019465899644,baseline_failed
121_long_range_18q.qasm,baseline,18,27,0,0,0.009867916996881831,8,0,0,0.0,0.3333333333333333,0.6024694713181555,0.0,0.0,False,"Routing deadlock: qudits 3/4 cannot be co-located (traps 't14'/'t4' both stayed full) after 29 attempts with no other progress. This needs real congestion resolution (eviction/rerouting), which doesn't exist yet -- see CongestionHandler.",hybrid_qubo,18,27,0,0,0.009823625005083159,8,0,0,0.0,0.3333333333333333,0.6024694713181555,0.0,0.0,False,"Routing deadlock: qudits 3/4 cannot be co-located (traps 't14'/'t4' both stayed full) after 29 attempts with no other progress. This needs real congestion resolution (eviction/rerouting), which doesn't exist yet -- see CongestionHandler.",0.0,0.0,-0.004488484430165807,baseline_failed
122_long_range_8q.qasm,baseline,8,12,0,0,0.00368295799853513,4,0,0,0.0,0.42948717948717946,0.703030303030303,0.5,0.0,False,"Routing deadlock: qudits 3/7 cannot be co-located (traps 't3'/'t0' both stayed full) after 14 attempts with no other progress. This needs real congestion resolution (eviction/rerouting), which doesn't exist yet -- see CongestionHandler.",hybrid_qubo,8,12,0,0,0.003490333001536783,4,1,0,0.0,0.42948717948717946,0.703030303030303,0.5,0.0,False,"Routing deadlock: qudits 3/7 cannot be co-located (traps 't3'/'t0' both stayed full) after 14 attempts with no other progress. This needs real congestion resolution (eviction/rerouting), which doesn't exist yet -- see CongestionHandler.",0.0,0.0,-0.05230170886416907,baseline_failed
123_layered_15q.qasm,baseline,15,21,171,60,0.013245792004454415,18,0,0,0.0,0.3696446646008049,0.5834773976930839,0.7222222222222222,0.0,True,,hybrid_qubo,15,21,171,60,0.012692416996287648,18,2,0,0.0,0.3696446646008049,0.5834773976930839,0.7222222222222222,0.0,True,,0.0,0.0,-0.04177741942351754,tie
124_layered_5q.qasm,baseline,5,8,0,0,0.001495415999670513,3,0,0,0.0,0.4666666666666667,0.6888888888888889,0.6666666666666666,0.0,False,"Routing deadlock: qudits 4/0 cannot be co-located (traps 't2'/'t3' both stayed full) after 10 attempts with no other progress. This needs real congestion resolution (eviction/rerouting), which doesn't exist yet -- see CongestionHandler.",hybrid_qubo,5,8,0,0,0.001455375000659842,3,1,0,0.0,0.4666666666666667,0.6888888888888889,0.6666666666666666,0.0,False,"Routing deadlock: qudits 4/0 cannot be co-located (traps 't2'/'t3' both stayed full) after 10 attempts with no other progress. This needs real congestion resolution (eviction/rerouting), which doesn't exist yet -- see CongestionHandler.",0.0,0.0,-0.026775826271414283,baseline_failed
125_layered_12q.qasm,baseline,12,30,0,0,0.0025022089976118878,4,0,0,0.0,0.28745421245421243,0.4027777777777778,0.0,0.0,False,"Routing deadlock: qudits 5/1 cannot be co-located (traps 't5'/'t1' both stayed full) after 32 attempts with no other progress. This needs real congestion resolution (eviction/rerouting), which doesn't exist yet -- see CongestionHandler.",hybrid_qubo,12,30,0,0,0.0024807500012684613,4,0,0,0.0,0.28745421245421243,0.4027777777777778,0.0,0.0,False,"Routing deadlock: qudits 5/1 cannot be co-located (traps 't5'/'t1' both stayed full) after 32 attempts with no other progress. This needs real congestion resolution (eviction/rerouting), which doesn't exist yet -- see CongestionHandler.",0.0,0.0,-0.008576020773607196,baseline_failed
126_layered_19q.qasm,baseline,19,54,0,0,0.03606154099543346,41,0,0,0.0,0.3582187847415489,0.5946992135290416,0.8048780487804879,0.0,False,"Routing deadlock: qudits 17/1 cannot be co-located (traps 't11'/'t7' both stayed full) after 56 attempts with no other progress. This needs real congestion resolution (eviction/rerouting), which doesn't exist yet -- see CongestionHandler.",hybrid_qubo,19,54,0,0,0.03611829200235661,41,5,0,0.0,0.3582187847415489,0.5946992135290416,0.8048780487804879,0.0,False,"Routing deadlock: qudits 17/1 cannot be co-located (traps 't11'/'t7' both stayed full) after 56 attempts with no other progress. This needs real congestion resolution (eviction/rerouting), which doesn't exist yet -- see CongestionHandler.",0.0,0.0,0.0015737266172384246,baseline_failed
127_layered_9q.qasm,baseline,9,12,97,36,0.008045332993788179,10,0,0,0.0,0.3666396103896104,0.608029689608637,0.7,0.0,True,,hybrid_qubo,9,12,97,36,0.00733820899768034,10,0,0,0.0,0.3666396103896104,0.608029689608637,0.7,0.0,True,,0.0,0.0,-0.08789244604963042,tie
128_layered_16q.qasm,baseline,16,32,370,158,0.02803245800168952,28,0,0,0.0,0.3733273049254465,0.632971957748761,0.7857142857142857,0.0,True,,hybrid_qubo,16,32,370,158,0.02789900000061607,28,2,0,0.0,0.3733273049254465,0.632971957748761,0.7857142857142857,0.0,True,,0.0,0.0,-0.004760838349081142,tie
129_layered_6q.qasm,baseline,6,15,64,23,0.005862167003215291,11,0,0,0.0,0.37503027275754547,0.5660369933097206,0.9090909090909091,0.0,True,,hybrid_qubo,6,15,64,23,0.005668584002705757,11,1,0,0.0,0.37503027275754547,0.5660369933097206,0.9090909090909091,0.0,True,,0.0,0.0,-0.03302243017016704,tie
130_layered_13q.qasm,baseline,13,36,324,115,0.023320457999943756,29,0,0,0.0,0.35586866774432346,0.5788234584650893,0.8275862068965517,0.0,True,,hybrid_qubo,13,36,324,115,0.03567670800111955,29,3,0,0.0,0.35586866774432346,0.5788234584650893,0.8275862068965517,0.0,True,,0.0,0.0,0.5298459404701912,tie
131_layered_20q.qasm,baseline,20,30,476,197,0.0345040419997531,28,0,0,0.0,0.3436985618066998,0.5948595488863947,0.7857142857142857,0.0,True,,hybrid_qubo,20,30,476,197,0.03436599999986356,28,0,0,0.0,0.3436985618066998,0.5948595488863947,0.7857142857142857,0.0,True,,0.0,0.0,-0.004000748662737141,tie
132_layered_10q.qasm,baseline,10,20,118,57,0.009904541002470069,16,0,0,0.0,0.4375923050379572,0.7224702380952381,0.75,0.0,True,,hybrid_qubo,10,20,118,57,0.009979000002203975,16,5,0,0.0,0.4375923050379572,0.7224702380952381,0.75,0.0,True,,0.0,0.0,0.007517662829134242,tie
133_layered_17q.qasm,baseline,17,40,0,0,0.01179108400538098,16,0,0,0.0,0.37678439358199417,0.6369458493951394,0.8125,0.0,False,"Routing deadlock: qudits 11/15 cannot be co-located (traps 't10'/None both stayed full) after 42 attempts with no other progress. This needs real congestion resolution (eviction/rerouting), which doesn't exist yet -- see CongestionHandler.",hybrid_qubo,17,40,0,0,0.011771833000238985,16,3,0,0.0,0.37678439358199417,0.6369458493951394,0.8125,0.0,False,"Routing deadlock: qudits 11/15 cannot be co-located (traps 't10'/None both stayed full) after 42 attempts with no other progress. This needs real congestion resolution (eviction/rerouting), which doesn't exist yet -- see CongestionHandler.",0.0,0.0,-0.0016326747509567419,baseline_failed
134_layered_7q.qasm,baseline,7,18,97,28,0.008304041999508627,12,0,0,0.0,0.34914131920710867,0.5137566137566137,0.6666666666666666,0.0,True,,hybrid_qubo,7,18,97,28,0.007708209006523248,12,1,0,0.0,0.34914131920710867,0.5137566137566137,0.6666666666666666,0.0,True,,0.0,0.0,-0.07175216515290217,tie
135_layered_14q.qasm,baseline,14,21,220,114,0.017655042000114918,19,0,0,0.0,0.43982179627323836,0.7844478051151224,0.8947368421052632,0.0,True,,hybrid_qubo,14,21,220,114,0.01758058300038101,19,4,0,0.0,0.43982179627323836,0.7844478051151224,0.8947368421052632,0.0,True,,0.0,0.0,-0.004217435434785255,tie
136_layered_4q.qasm,baseline,4,8,0,0,0.0010738339988165535,2,0,0,0.0,0.30952380952380953,0.3666666666666667,0.0,0.0,False,"Routing deadlock: qudits 2/3 cannot be co-located (traps 't0'/'t1' both stayed full) after 10 attempts with no other progress. This needs real congestion resolution (eviction/rerouting), which doesn't exist yet -- see CongestionHandler.",hybrid_qubo,4,8,0,0,0.0009928750005201437,2,0,0,0.0,0.30952380952380953,0.3666666666666667,0.0,0.0,False,"Routing deadlock: qudits 2/3 cannot be co-located (traps 't0'/'t1' both stayed full) after 10 attempts with no other progress. This needs real congestion resolution (eviction/rerouting), which doesn't exist yet -- see CongestionHandler.",0.0,0.0,-0.07539247070369615,baseline_failed
137_layered_11q.qasm,baseline,11,25,0,0,0.011026792002667207,18,0,0,0.0,0.40048255573141156,0.6819252280036594,0.7777777777777778,0.0,False,"Routing deadlock: qudits 5/10 cannot be co-located (traps 't0'/'t2' both stayed full) after 27 attempts with no other progress. This needs real congestion resolution (eviction/rerouting), which doesn't exist yet -- see CongestionHandler.",hybrid_qubo,11,25,0,0,0.011165500000061002,18,3,0,0.0,0.40048255573141156,0.6819252280036594,0.7777777777777778,0.0,False,"Routing deadlock: qudits 5/10 cannot be co-located (traps 't0'/'t2' both stayed full) after 27 attempts with no other progress. This needs real congestion resolution (eviction/rerouting), which doesn't exist yet -- see CongestionHandler.",0.0,0.0,0.012579179634497839,baseline_failed
138_layered_18q.qasm,baseline,18,54,740,304,0.06522983399918303,47,0,0,0.0,0.36735848692507533,0.6345799741469298,0.9361702127659575,0.0,True,,hybrid_qubo,18,54,740,304,0.05319091700221179,47,4,0,0.0,0.36735848692507533,0.6345799741469298,0.9361702127659575,0.0,True,,0.0,0.0,-0.1845615151668486,tie
139_layered_8q.qasm,baseline,8,12,0,0,0.0030519580031977966,2,0,0,0.0,0.32456140350877194,0.5718954248366013,0.0,0.0,False,"Routing deadlock: qudits 2/0 cannot be co-located (traps 't2'/'t0' both stayed full) after 14 attempts with no other progress. This needs real congestion resolution (eviction/rerouting), which doesn't exist yet -- see CongestionHandler.",hybrid_qubo,8,12,0,0,0.0028865840067737736,2,0,0,0.0,0.32456140350877194,0.5718954248366013,0.0,0.0,False,"Routing deadlock: qudits 2/0 cannot be co-located (traps 't2'/'t0' both stayed full) after 14 attempts with no other progress. This needs real congestion resolution (eviction/rerouting), which doesn't exist yet -- see CongestionHandler.",0.0,0.0,-0.05418619661566337,baseline_failed
140_layered_15q.qasm,baseline,15,28,250,99,0.018313667002075817,23,0,0,0.0,0.3944957171054049,0.6544974454635374,0.8260869565217391,0.0,True,,hybrid_qubo,15,28,250,99,0.018442207998305093,23,2,0,0.0,0.3944957171054049,0.6544974454635374,0.8260869565217391,0.0,True,,0.0,0.0,0.00701885625717158,tie
141_layered_5q.qasm,baseline,5,10,44,12,0.00369158399553271,8,0,0,0.0,0.3957667332667333,0.5652777777777778,0.625,0.0,True,,hybrid_qubo,5,10,44,12,0.0036953330054529943,8,2,0,0.0,0.3957667332667333,0.5652777777777778,0.625,0.0,True,,0.0,0.0,0.0010155559035960326,tie
142_layered_12q.qasm,baseline,12,36,0,0,0.006833915998868179,8,0,0,0.0,0.37446223316912974,0.642203860953861,0.625,0.0,False,"Routing deadlock: qudits 10/7 cannot be co-located (traps 't0'/'t6' both stayed full) after 38 attempts with no other progress. This needs real congestion resolution (eviction/rerouting), which doesn't exist yet -- see CongestionHandler.",hybrid_qubo,12,36,0,0,0.006815125001594424,8,0,0,0.0,0.37446223316912974,0.642203860953861,0.625,0.0,False,"Routing deadlock: qudits 10/7 cannot be co-located (traps 't0'/'t6' both stayed full) after 38 attempts with no other progress. This needs real congestion resolution (eviction/rerouting), which doesn't exist yet -- see CongestionHandler.",0.0,0.0,-0.0027496675810569915,baseline_failed
143_layered_19q.qasm,baseline,19,27,224,79,0.016247416999249253,16,0,0,0.0,0.35000899656141593,0.5749473603804666,0.8125,0.0,True,,hybrid_qubo,19,27,224,79,0.015889000002061948,16,1,0,0.0,0.35000899656141593,0.5749473603804666,0.8125,0.0,True,,0.0,0.0,-0.02205993710901044,tie
144_layered_9q.qasm,baseline,9,16,103,35,0.0076150000022607855,10,0,0,0.0,0.34944444444444445,0.5566669347164703,0.8,0.0,True,,hybrid_qubo,9,16,103,35,0.007638708004378714,10,1,0,0.0,0.34944444444444445,0.5566669347164703,0.8,0.0,True,,0.0,0.0,0.0031133292332095053,tie
145_layered_16q.qasm,baseline,16,40,390,183,0.040862875001039356,34,0,0,0.0,0.39327159854911276,0.6664765026486094,0.9411764705882353,0.0,True,,hybrid_qubo,16,40,390,183,0.030242166001698934,34,4,0,0.0,0.39327159854911276,0.6664765026486094,0.9411764705882353,0.0,True,,0.0,0.0,-0.25991095827374555,tie
146_layered_6q.qasm,baseline,6,18,0,0,0.0012148340028943494,0,0,0,0.0,0.0,0.0,0.0,0.0,False,"Routing deadlock: qudits 3/0 cannot be co-located (traps 't2'/'t0' both stayed full) after 20 attempts with no other progress. This needs real congestion resolution (eviction/rerouting), which doesn't exist yet -- see CongestionHandler.",hybrid_qubo,6,18,0,0,0.0011676249996526167,0,0,0,0.0,0.0,0.0,0.0,0.0,False,"Routing deadlock: qudits 3/0 cannot be co-located (traps 't2'/'t0' both stayed full) after 20 attempts with no other progress. This needs real congestion resolution (eviction/rerouting), which doesn't exist yet -- see CongestionHandler.",0.0,0.0,-0.038860455938224514,baseline_failed
147_layered_13q.qasm,baseline,13,18,0,0,0.007584958002553321,13,0,0,0.0,0.3834964630511189,0.6031755574742,0.6923076923076923,0.0,False,"Routing deadlock: qudits 2/11 cannot be co-located (traps 't0'/'t11' both stayed full) after 20 attempts with no other progress. This needs real congestion resolution (eviction/rerouting), which doesn't exist yet -- see CongestionHandler.",hybrid_qubo,13,18,0,0,0.007557624994660728,13,1,0,0.0,0.3834964630511189,0.6031755574742,0.6923076923076923,0.0,False,"Routing deadlock: qudits 2/11 cannot be co-located (traps 't0'/'t11' both stayed full) after 20 attempts with no other progress. This needs real congestion resolution (eviction/rerouting), which doesn't exist yet -- see CongestionHandler.",0.0,0.0,-0.003603580650465399,baseline_failed
148_layered_20q.qasm,baseline,20,40,0,0,0.029733082999882754,35,0,0,0.0,0.38775349074888243,0.6755286062582917,0.8285714285714286,0.0,False,"Routing deadlock: qudits 15/16 cannot be co-located (traps 't3'/'t2' both stayed full) after 42 attempts with no other progress. This needs real congestion resolution (eviction/rerouting), which doesn't exist yet -- see CongestionHandler.",hybrid_qubo,20,40,0,0,0.029851582999981474,35,5,0,0.0,0.38775349074888243,0.6755286062582917,0.8285714285714286,0.0,False,"Routing deadlock: qudits 15/16 cannot be co-located (traps 't3'/'t2' both stayed full) after 42 attempts with no other progress. This needs real congestion resolution (eviction/rerouting), which doesn't exist yet -- see CongestionHandler.",0.0,0.0,0.003985459567014571,baseline_failed
149_layered_10q.qasm,baseline,10,25,128,67,0.011290207999991253,21,0,0,0.0,0.46633089133089134,0.7690445032550296,0.8095238095238095,0.0,True,,hybrid_qubo,10,25,128,67,0.011564041997189634,21,6,0,0.0,0.46633089133089134,0.7690445032550296,0.8095238095238095,0.0,True,,0.0,0.0,0.024254114467917143,tie
150_layered_17q.qasm,baseline,17,48,595,271,0.04471999999805121,43,0,0,0.0,0.37511769176668597,0.6620561567538495,0.9069767441860465,0.0,True,,hybrid_qubo,17,48,595,271,0.044238999995286576,43,2,0,0.0,0.37511769176668597,0.6620561567538495,0.9069767441860465,0.0,True,,0.0,0.0,-0.010755814015777965,tie
151_layered_7q.qasm,baseline,7,9,0,0,0.0024469999989378266,5,0,0,0.0,0.36666666666666664,0.5266666666666666,0.4,0.0,False,"Routing deadlock: qudits 5/0 cannot be co-located (traps 't5'/'t0' both stayed full) after 11 attempts with no other progress. This needs real congestion resolution (eviction/rerouting), which doesn't exist yet -- see CongestionHandler.",hybrid_qubo,7,9,0,0,0.0024458339976263233,5,0,0,0.0,0.36666666666666664,0.5266666666666666,0.4,0.0,False,"Routing deadlock: qudits 5/0 cannot be co-located (traps 't5'/'t0' both stayed full) after 11 attempts with no other progress. This needs real congestion resolution (eviction/rerouting), which doesn't exist yet -- see CongestionHandler.",0.0,0.0,-0.00047650237515717286,baseline_failed
152_layered_14q.qasm,baseline,14,28,0,0,0.014194583003700245,19,0,0,0.0,0.352456992114398,0.5782545043535756,0.631578947368421,0.0,False,"Routing deadlock: qudits 7/12 cannot be co-located (traps 't3'/'t12' both stayed full) after 30 attempts with no other progress. This needs real congestion resolution (eviction/rerouting), which doesn't exist yet -- see CongestionHandler.",hybrid_qubo,14,28,0,0,0.026348374994995538,19,1,0,0.0,0.352456992114398,0.5782545043535756,0.631578947368421,0.0,False,"Routing deadlock: qudits 7/12 cannot be co-located (traps 't3'/'t12' both stayed full) after 30 attempts with no other progress. This needs real congestion resolution (eviction/rerouting), which doesn't exist yet -- see CongestionHandler.",0.0,0.0,0.8562274769274336,baseline_failed
153_layered_4q.qasm,baseline,4,10,0,0,0.001116209001338575,2,0,0,0.0,0.30952380952380953,0.3666666666666667,0.0,0.0,False,"Routing deadlock: qudits 2/1 cannot be co-located (traps 't0'/'t1' both stayed full) after 12 attempts with no other progress. This needs real congestion resolution (eviction/rerouting), which doesn't exist yet -- see CongestionHandler.",hybrid_qubo,4,10,0,0,0.0010522499942453578,2,0,0,0.0,0.30952380952380953,0.3666666666666667,0.0,0.0,False,"Routing deadlock: qudits 2/1 cannot be co-located (traps 't0'/'t1' both stayed full) after 12 attempts with no other progress. This needs real congestion resolution (eviction/rerouting), which doesn't exist yet -- see CongestionHandler.",0.0,0.0,-0.05730020723405438,baseline_failed
154_layered_11q.qasm,baseline,11,30,0,0,0.007112667000910733,13,0,0,0.0,0.3672325537710153,0.5670262530876342,0.6923076923076923,0.0,False,"Routing deadlock: qudits 8/9 cannot be co-located (traps None/'t1' both stayed full) after 32 attempts with no other progress. This needs real congestion resolution (eviction/rerouting), which doesn't exist yet -- see CongestionHandler.",hybrid_qubo,11,30,0,0,0.007140583002183121,13,2,0,0.0,0.3672325537710153,0.5670262530876342,0.6923076923076923,0.0,False,"Routing deadlock: qudits 8/9 cannot be co-located (traps None/'t1' both stayed full) after 32 attempts with no other progress. This needs real congestion resolution (eviction/rerouting), which doesn't exist yet -- see CongestionHandler.",0.0,0.0,0.003924828938120406,baseline_failed
155_layered_18q.qasm,baseline,18,27,424,165,0.029911749996244907,25,0,0,0.0,0.35796203365728396,0.6203054980760858,0.8,0.0,True,,hybrid_qubo,18,27,424,165,0.04165233300591353,25,3,0,0.0,0.35796203365728396,0.6203054980760858,0.8,0.0,True,,0.0,0.0,0.3925073929523524,tie
156_layered_8q.qasm,baseline,8,16,0,0,0.004389749999972992,5,0,0,0.0,0.4023227752639517,0.6483333333333333,0.8,0.0,False,"Routing deadlock: qudits 0/1 cannot be co-located (traps 't5'/'t0' both stayed full) after 18 attempts with no other progress. This needs real congestion resolution (eviction/rerouting), which doesn't exist yet -- see CongestionHandler.",hybrid_qubo,8,16,0,0,0.004171249995124526,5,0,0,0.0,0.4023227752639517,0.6483333333333333,0.8,0.0,False,"Routing deadlock: qudits 0/1 cannot be co-located (traps 't5'/'t0' both stayed full) after 18 attempts with no other progress. This needs real congestion resolution (eviction/rerouting), which doesn't exist yet -- see CongestionHandler.",0.0,0.0,-0.049775045241713056,baseline_failed
157_layered_15q.qasm,baseline,15,35,0,0,0.027517458001966588,30,0,0,0.0,0.3538706459661515,0.62391813213573,0.9,0.0,False,"Routing deadlock: qudits 13/10 cannot be co-located (traps 't13'/'t6' both stayed full) after 37 attempts with no other progress. This needs real congestion resolution (eviction/rerouting), which doesn't exist yet -- see CongestionHandler.",hybrid_qubo,15,35,0,0,0.027189708001969848,30,1,0,0.0,0.3538706459661515,0.62391813213573,0.9,0.0,False,"Routing deadlock: qudits 13/10 cannot be co-located (traps 't13'/'t6' both stayed full) after 37 attempts with no other progress. This needs real congestion resolution (eviction/rerouting), which doesn't exist yet -- see CongestionHandler.",0.0,0.0,-0.011910620522190607,baseline_failed
158_layered_5q.qasm,baseline,5,12,0,0,0.0014727910020155832,2,0,0,0.0,0.3333333333333333,0.45,1.0,0.0,False,"Routing deadlock: qudits 4/3 cannot be co-located (traps 't3'/'t0' both stayed full) after 14 attempts with no other progress. This needs real congestion resolution (eviction/rerouting), which doesn't exist yet -- see CongestionHandler.",hybrid_qubo,5,12,0,0,0.00140787499549333,2,0,0,0.0,0.3333333333333333,0.45,1.0,0.0,False,"Routing deadlock: qudits 4/3 cannot be co-located (traps 't3'/'t0' both stayed full) after 14 attempts with no other progress. This needs real congestion resolution (eviction/rerouting), which doesn't exist yet -- see CongestionHandler.",0.0,0.0,-0.04407686252388332,baseline_failed
159_layered_12q.qasm,baseline,12,18,0,0,0.0074184580007568,12,0,0,0.0,0.43008893762183237,0.7354207067442362,0.8333333333333334,0.0,False,"Routing deadlock: qudits 10/8 cannot be co-located (traps 't2'/'t9' both stayed full) after 20 attempts with no other progress. This needs real congestion resolution (eviction/rerouting), which doesn't exist yet -- see CongestionHandler.",hybrid_qubo,12,18,0,0,0.007422125003358815,12,3,0,0.0,0.43008893762183237,0.7354207067442362,0.8333333333333334,0.0,False,"Routing deadlock: qudits 10/8 cannot be co-located (traps 't2'/'t9' both stayed full) after 20 attempts with no other progress. This needs real congestion resolution (eviction/rerouting), which doesn't exist yet -- see CongestionHandler.",0.0,0.0,0.0004943079278254547,baseline_failed
160_layered_19q.qasm,baseline,19,36,492,179,0.034633499999472406,30,0,0,0.0,0.35331342577455704,0.6125783994371856,0.8333333333333334,0.0,True,,hybrid_qubo,19,36,492,179,0.03398054099670844,30,2,0,0.0,0.35331342577455704,0.6125783994371856,0.8333333333333334,0.0,True,,0.0,0.0,-0.018853393470885438,tie
161_layered_9q.qasm,baseline,9,20,0,0,0.0025659580060164444,4,0,0,0.0,0.3685897435897436,0.5970588235294118,0.5,0.0,False,"Routing deadlock: qudits 5/2 cannot be co-located (traps 't5'/'t2' both stayed full) after 22 attempts with no other progress. This needs real congestion resolution (eviction/rerouting), which doesn't exist yet -- see CongestionHandler.",hybrid_qubo,9,20,0,0,0.002535708001232706,4,0,0,0.0,0.3685897435897436,0.5970588235294118,0.5,0.0,False,"Routing deadlock: qudits 5/2 cannot be co-located (traps 't5'/'t2' both stayed full) after 22 attempts with no other progress. This needs real congestion resolution (eviction/rerouting), which doesn't exist yet -- see CongestionHandler.",0.0,0.0,-0.011788971102726808,baseline_failed
162_random_16q.qasm,baseline,16,32,0,0,0.015317083001718856,23,0,0,0.0,0.37926725271034734,0.6199302862800099,0.8260869565217391,0.0,False,"Routing deadlock: qudits 5/2 cannot be co-located (traps 't14'/'t2' both stayed full) after 34 attempts with no other progress. This needs real congestion resolution (eviction/rerouting), which doesn't exist yet -- see CongestionHandler.",hybrid_qubo,16,32,0,0,0.027572250000957865,23,2,0,0.0,0.37926725271034734,0.6199302862800099,0.8260869565217391,0.0,False,"Routing deadlock: qudits 5/2 cannot be co-located (traps 't14'/'t2' both stayed full) after 34 attempts with no other progress. This needs real congestion resolution (eviction/rerouting), which doesn't exist yet -- see CongestionHandler.",0.0,0.0,0.8000979689059435,baseline_failed
163_random_6q.qasm,baseline,6,18,75,20,0.00618545899487799,11,0,0,0.0,0.36618305936487755,0.5166863439590712,0.45454545454545453,0.0,True,,hybrid_qubo,6,18,75,20,0.00608795799780637,11,0,0,0.0,0.36618305936487755,0.5166863439590712,0.45454545454545453,0.0,True,,0.0,0.0,-0.015762936453439957,tie
164_random_13q.qasm,baseline,13,52,0,0,0.015448041995114181,27,0,0,0.0,0.40439839056988813,0.6718730790798214,0.8148148148148148,0.0,False,"Routing deadlock: qudits 10/6 cannot be co-located (traps None/'t0' both stayed full) after 54 attempts with no other progress. This needs real congestion resolution (eviction/rerouting), which doesn't exist yet -- see CongestionHandler.",hybrid_qubo,13,52,0,0,0.015429625003889669,27,2,0,0.0,0.40439839056988813,0.6718730790798214,0.8148148148148148,0.0,False,"Routing deadlock: qudits 10/6 cannot be co-located (traps None/'t0' both stayed full) after 54 attempts with no other progress. This needs real congestion resolution (eviction/rerouting), which doesn't exist yet -- see CongestionHandler.",0.0,0.0,-0.0011921893551517515,baseline_failed
165_random_20q.qasm,baseline,20,100,0,0,0.013116541995259468,12,0,0,0.0,0.3651165244497834,0.645847660793313,0.75,0.0,False,"Routing deadlock: qudits 13/2 cannot be co-located (traps 't15'/'t2' both stayed full) after 102 attempts with no other progress. This needs real congestion resolution (eviction/rerouting), which doesn't exist yet -- see CongestionHandler.",hybrid_qubo,20,100,0,0,0.013194999999541324,12,0,0,0.0,0.3651165244497834,0.645847660793313,0.75,0.0,False,"Routing deadlock: qudits 13/2 cannot be co-located (traps 't15'/'t2' both stayed full) after 102 attempts with no other progress. This needs real congestion resolution (eviction/rerouting), which doesn't exist yet -- see CongestionHandler.",0.0,0.0,0.005981607371074782,baseline_failed
166_random_10q.qasm,baseline,10,20,0,0,0.007235666002088692,12,0,0,0.0,0.4264817358567359,0.722802306625836,0.9166666666666666,0.0,False,"Routing deadlock: qudits 1/7 cannot be co-located (traps 't0'/'t7' both stayed full) after 22 attempts with no other progress. This needs real congestion resolution (eviction/rerouting), which doesn't exist yet -- see CongestionHandler.",hybrid_qubo,10,20,0,0,0.0067310410013305955,12,1,0,0.0,0.4264817358567359,0.722802306625836,0.9166666666666666,0.0,False,"Routing deadlock: qudits 1/7 cannot be co-located (traps 't0'/'t7' both stayed full) after 22 attempts with no other progress. This needs real congestion resolution (eviction/rerouting), which doesn't exist yet -- see CongestionHandler.",0.0,0.0,-0.0697413341926546,baseline_failed
167_random_17q.qasm,baseline,17,51,0,0,0.012620832996617537,21,0,0,0.0,0.3995963948152888,0.6662655474675935,0.7619047619047619,0.0,False,"Routing deadlock: qudits 10/16 cannot be co-located (traps 't13'/'t10' both stayed full) after 53 attempts with no other progress. This needs real congestion resolution (eviction/rerouting), which doesn't exist yet -- see CongestionHandler.",hybrid_qubo,17,51,0,0,0.013156667002476752,21,2,0,0.0,0.3995963948152888,0.6662655474675935,0.7619047619047619,0.0,False,"Routing deadlock: qudits 10/16 cannot be co-located (traps 't13'/'t10' both stayed full) after 53 attempts with no other progress. This needs real congestion resolution (eviction/rerouting), which doesn't exist yet -- see CongestionHandler.",0.0,0.0,0.04245631060983235,baseline_failed
168_random_7q.qasm,baseline,7,28,0,0,0.003749083000002429,6,0,0,0.0,0.4007936507936508,0.6131313131313131,0.3333333333333333,0.0,False,"Routing deadlock: qudits 4/2 cannot be co-located (traps 't2'/'t0' both stayed full) after 30 attempts with no other progress. This needs real congestion resolution (eviction/rerouting), which doesn't exist yet -- see CongestionHandler.",hybrid_qubo,7,28,0,0,0.0037057079971418716,6,1,0,0.0,0.4007936507936508,0.6131313131313131,0.3333333333333333,0.0,False,"Routing deadlock: qudits 4/2 cannot be co-located (traps 't2'/'t0' both stayed full) after 30 attempts with no other progress. This needs real congestion resolution (eviction/rerouting), which doesn't exist yet -- see CongestionHandler.",0.0,0.0,-0.011569496557032544,baseline_failed
169_random_14q.qasm,baseline,14,70,0,0,0.024320125005033333,33,0,0,0.0,0.36778050570154924,0.6140837186332009,0.7575757575757576,0.0,False,"Routing deadlock: qudits 0/12 cannot be co-located (traps 't7'/'t3' both stayed full) after 72 attempts with no other progress. This needs real congestion resolution (eviction/rerouting), which doesn't exist yet -- see CongestionHandler.",hybrid_qubo,14,70,0,0,0.024155125000106636,33,4,0,0.0,0.36778050570154924,0.6140837186332009,0.7575757575757576,0.0,False,"Routing deadlock: qudits 0/12 cannot be co-located (traps 't7'/'t3' both stayed full) after 72 attempts with no other progress. This needs real congestion resolution (eviction/rerouting), which doesn't exist yet -- see CongestionHandler.",0.0,0.0,-0.006784504803842406,baseline_failed
170_random_4q.qasm,baseline,4,8,41,9,0.003609209001297131,6,0,0,0.0,0.28227513227513223,0.375,0.6666666666666666,0.0,True,,hybrid_qubo,4,8,41,9,0.003156249993480742,6,0,0,0.0,0.28227513227513223,0.375,0.6666666666666666,0.0,True,,0.0,0.0,-0.1255009082748043,tie
171_random_11q.qasm,baseline,11,33,0,0,0.004515874999924563,8,0,0,0.0,0.33854166666666663,0.5156385281385282,0.5,0.0,False,"Routing deadlock: qudits 7/3 cannot be co-located (traps None/'t0' both stayed full) after 35 attempts with no other progress. This needs real congestion resolution (eviction/rerouting), which doesn't exist yet -- see CongestionHandler.",hybrid_qubo,11,33,0,0,0.00442562500393251,8,0,0,0.0,0.33854166666666663,0.5156385281385282,0.5,0.0,False,"Routing deadlock: qudits 7/3 cannot be co-located (traps None/'t0' both stayed full) after 35 attempts with no other progress. This needs real congestion resolution (eviction/rerouting), which doesn't exist yet -- see CongestionHandler.",0.0,0.0,-0.01998505184345467,baseline_failed
172_random_18q.qasm,baseline,18,72,0,0,0.02699808299803408,31,0,0,0.0,0.39401530844322125,0.6937665913925037,0.9032258064516129,0.0,False,"Routing deadlock: qudits 16/11 cannot be co-located (traps 't12'/'t6' both stayed full) after 74 attempts with no other progress. This needs real congestion resolution (eviction/rerouting), which doesn't exist yet -- see CongestionHandler.",hybrid_qubo,18,72,0,0,0.02693724999699043,31,4,0,0.0,0.39401530844322125,0.6937665913925037,0.9032258064516129,0.0,False,"Routing deadlock: qudits 16/11 cannot be co-located (traps 't12'/'t6' both stayed full) after 74 attempts with no other progress. This needs real congestion resolution (eviction/rerouting), which doesn't exist yet -- see CongestionHandler.",0.0,0.0,-0.002253234092512324,baseline_failed
173_random_8q.qasm,baseline,8,40,0,0,0.006676917000731919,7,0,0,0.0,0.3865079365079365,0.628169449598021,0.5714285714285714,0.0,False,"Routing deadlock: qudits 2/7 cannot be co-located (traps 't1'/'t2' both stayed full) after 42 attempts with no other progress. This needs real congestion resolution (eviction/rerouting), which doesn't exist yet -- see CongestionHandler.",hybrid_qubo,8,40,0,0,0.006614042002183851,7,0,0,0.0,0.3865079365079365,0.628169449598021,0.5714285714285714,0.0,False,"Routing deadlock: qudits 2/7 cannot be co-located (traps 't1'/'t2' both stayed full) after 42 attempts with no other progress. This needs real congestion resolution (eviction/rerouting), which doesn't exist yet -- see CongestionHandler.",0.0,0.0,-0.009416771024887027,baseline_failed
174_random_15q.qasm,baseline,15,30,0,0,0.013543207998736762,21,0,0,0.0,0.39715032490174806,0.6575558629463117,0.8095238095238095,0.0,False,"Routing deadlock: qudits 9/8 cannot be co-located (traps 't9'/'t2' both stayed full) after 32 attempts with no other progress. This needs real congestion resolution (eviction/rerouting), which doesn't exist yet -- see CongestionHandler.",hybrid_qubo,15,30,0,0,0.013875083001039457,21,2,0,0.0,0.39715032490174806,0.6575558629463117,0.8095238095238095,0.0,False,"Routing deadlock: qudits 9/8 cannot be co-located (traps 't9'/'t2' both stayed full) after 32 attempts with no other progress. This needs real congestion resolution (eviction/rerouting), which doesn't exist yet -- see CongestionHandler.",0.0,0.0,0.024504903294230607,baseline_failed
175_random_5q.qasm,baseline,5,15,0,0,0.003459209001448471,7,0,0,0.0,0.3770277341705913,0.5593406593406594,0.5714285714285714,0.0,False,"Routing deadlock: qudits 0/1 cannot be co-located (traps 't2'/'t1' both stayed full) after 17 attempts with no other progress. This needs real congestion resolution (eviction/rerouting), which doesn't exist yet -- see CongestionHandler.",hybrid_qubo,5,15,0,0,0.0034174169995822012,7,1,0,0.0,0.3770277341705913,0.5593406593406594,0.5714285714285714,0.0,False,"Routing deadlock: qudits 0/1 cannot be co-located (traps 't2'/'t1' both stayed full) after 17 attempts with no other progress. This needs real congestion resolution (eviction/rerouting), which doesn't exist yet -- see CongestionHandler.",0.0,0.0,-0.012081375207098066,baseline_failed
176_random_12q.qasm,baseline,12,48,0,0,0.005566624997300096,8,0,0,0.0,0.3504370641277106,0.56002886002886,0.375,0.0,False,"Routing deadlock: qudits 11/3 cannot be co-located (traps 't1'/'t11' both stayed full) after 50 attempts with no other progress. This needs real congestion resolution (eviction/rerouting), which doesn't exist yet -- see CongestionHandler.",hybrid_qubo,12,48,0,0,0.005543333005334716,8,1,0,0.0,0.3504370641277106,0.56002886002886,0.375,0.0,False,"Routing deadlock: qudits 11/3 cannot be co-located (traps 't1'/'t11' both stayed full) after 50 attempts with no other progress. This needs real congestion resolution (eviction/rerouting), which doesn't exist yet -- see CongestionHandler.",0.0,0.0,-0.004184221494474061,baseline_failed
177_random_19q.qasm,baseline,19,95,0,0,0.025946582994947676,26,0,0,0.0,0.34600181084946713,0.613242816448307,0.8076923076923077,0.0,False,"Routing deadlock: qudits 6/5 cannot be co-located (traps 't2'/None both stayed full) after 97 attempts with no other progress. This needs real congestion resolution (eviction/rerouting), which doesn't exist yet -- see CongestionHandler.",hybrid_qubo,19,95,0,0,0.04606187500030501,26,0,0,0.0,0.34600181084946713,0.613242816448307,0.8076923076923077,0.0,False,"Routing deadlock: qudits 6/5 cannot be co-located (traps 't2'/None both stayed full) after 97 attempts with no other progress. This needs real congestion resolution (eviction/rerouting), which doesn't exist yet -- see CongestionHandler.",0.0,0.0,0.7752578445213456,baseline_failed
178_random_9q.qasm,baseline,9,18,0,0,0.0046480410019285046,7,0,0,0.0,0.4731347599768652,0.776235827664399,0.7142857142857143,0.0,False,"Routing deadlock: qudits 3/1 cannot be co-located (traps 't3'/'t0' both stayed full) after 20 attempts with no other progress. This needs real congestion resolution (eviction/rerouting), which doesn't exist yet -- see CongestionHandler.",hybrid_qubo,9,18,0,0,0.004541791997326072,7,2,0,0.0,0.4731347599768652,0.776235827664399,0.7142857142857143,0.0,False,"Routing deadlock: qudits 3/1 cannot be co-located (traps 't3'/'t0' both stayed full) after 20 attempts with no other progress. This needs real congestion resolution (eviction/rerouting), which doesn't exist yet -- see CongestionHandler.",0.0,0.0,-0.022858878516421988,baseline_failed
179_random_16q.qasm,baseline,16,48,0,0,0.011359749994880985,9,0,0,0.0,0.3385661122503228,0.5489665170220726,0.6666666666666666,0.0,False,"Routing deadlock: qudits 3/13 cannot be co-located (traps 't3'/'t4' both stayed full) after 50 attempts with no other progress. This needs real congestion resolution (eviction/rerouting), which doesn't exist yet -- see CongestionHandler.",hybrid_qubo,16,48,0,0,0.008146249994751997,9,0,0,0.0,0.3385661122503228,0.5489665170220726,0.6666666666666666,0.0,False,"Routing deadlock: qudits 3/13 cannot be co-located (traps 't3'/'t4' both stayed full) after 50 attempts with no other progress. This needs real congestion resolution (eviction/rerouting), which doesn't exist yet -- see CongestionHandler.",0.0,0.0,-0.2828847467221619,baseline_failed
180_random_6q.qasm,baseline,6,24,0,0,0.004531083002802916,6,0,0,0.0,0.3163690476190476,0.4306878306878307,0.5,0.0,False,"Routing deadlock: qudits 5/4 cannot be co-located (traps 't0'/'t1' both stayed full) after 26 attempts with no other progress. This needs real congestion resolution (eviction/rerouting), which doesn't exist yet -- see CongestionHandler.",hybrid_qubo,6,24,0,0,0.004115749994525686,6,0,0,0.0,0.3163690476190476,0.4306878306878307,0.5,0.0,False,"Routing deadlock: qudits 5/4 cannot be co-located (traps 't0'/'t1' both stayed full) after 26 attempts with no other progress. This needs real congestion resolution (eviction/rerouting), which doesn't exist yet -- see CongestionHandler.",0.0,0.0,-0.09166307658021411,baseline_failed
181_random_13q.qasm,baseline,13,65,0,0,0.026498125000216532,33,0,0,0.0,0.3966272652513691,0.6785956302890349,0.8181818181818182,0.0,False,"Routing deadlock: qudits 9/3 cannot be co-located (traps 't3'/'t4' both stayed full) after 67 attempts with no other progress. This needs real congestion resolution (eviction/rerouting), which doesn't exist yet -- see CongestionHandler.",hybrid_qubo,13,65,0,0,0.022508417001517955,33,3,0,0.0,0.3966272652513691,0.6785956302890349,0.8181818181818182,0.0,False,"Routing deadlock: qudits 9/3 cannot be co-located (traps 't3'/'t4' both stayed full) after 67 attempts with no other progress. This needs real congestion resolution (eviction/rerouting), which doesn't exist yet -- see CongestionHandler.",0.0,0.0,-0.15056567204909688,baseline_failed
182_random_20q.qasm,baseline,20,40,0,0,0.009971665996999945,13,0,0,0.0,0.3942691923461154,0.6591398671204984,0.8461538461538461,0.0,False,"Routing deadlock: qudits 17/12 cannot be co-located (traps 't2'/None both stayed full) after 42 attempts with no other progress. This needs real congestion resolution (eviction/rerouting), which doesn't exist yet -- see CongestionHandler.",hybrid_qubo,20,40,0,0,0.009878292003122624,13,2,0,0.0,0.3942691923461154,0.6591398671204984,0.8461538461538461,0.0,False,"Routing deadlock: qudits 17/12 cannot be co-located (traps 't2'/None both stayed full) after 42 attempts with no other progress. This needs real congestion resolution (eviction/rerouting), which doesn't exist yet -- see CongestionHandler.",0.0,0.0,-0.009363931153070437,baseline_failed
183_random_10q.qasm,baseline,10,30,0,0,0.00722387499990873,9,0,0,0.0,0.3325138133471467,0.5490638990638991,0.6666666666666666,0.0,False,"Routing deadlock: qudits 2/0 cannot be co-located (traps None/'t8' both stayed full) after 32 attempts with no other progress. This needs real congestion resolution (eviction/rerouting), which doesn't exist yet -- see CongestionHandler.",hybrid_qubo,10,30,0,0,0.006701166996208485,9,0,0,0.0,0.3325138133471467,0.5490638990638991,0.6666666666666666,0.0,False,"Routing deadlock: qudits 2/0 cannot be co-located (traps None/'t8' both stayed full) after 32 attempts with no other progress. This needs real congestion resolution (eviction/rerouting), which doesn't exist yet -- see CongestionHandler.",0.0,0.0,-0.07235839541891975,baseline_failed
184_random_17q.qasm,baseline,17,68,0,0,0.007924708996142726,7,0,0,0.0,0.37623951906343933,0.6817110041848717,0.5714285714285714,0.0,False,"Routing deadlock: qudits 2/12 cannot be co-located (traps 't2'/'t4' both stayed full) after 70 attempts with no other progress. This needs real congestion resolution (eviction/rerouting), which doesn't exist yet -- see CongestionHandler.",hybrid_qubo,17,68,0,0,0.00784695799666224,7,1,0,0.0,0.37623951906343933,0.6817110041848717,0.5714285714285714,0.0,False,"Routing deadlock: qudits 2/12 cannot be co-located (traps 't2'/'t4' both stayed full) after 70 attempts with no other progress. This needs real congestion resolution (eviction/rerouting), which doesn't exist yet -- see CongestionHandler.",0.0,0.0,-0.00981121193451151,baseline_failed
185_random_7q.qasm,baseline,7,35,0,0,0.002631499999552034,3,0,0,0.0,0.3333333333333333,0.43333333333333335,0.0,0.0,False,"Routing deadlock: qudits 2/5 cannot be co-located (traps 't0'/'t5' both stayed full) after 37 attempts with no other progress. This needs real congestion resolution (eviction/rerouting), which doesn't exist yet -- see CongestionHandler.",hybrid_qubo,7,35,0,0,0.0025610000011511147,3,0,0,0.0,0.3333333333333333,0.43333333333333335,0.0,0.0,False,"Routing deadlock: qudits 2/5 cannot be co-located (traps 't0'/'t5' both stayed full) after 37 attempts with no other progress. This needs real congestion resolution (eviction/rerouting), which doesn't exist yet -- see CongestionHandler.",0.0,0.0,-0.02679080312100346,baseline_failed
186_random_14q.qasm,baseline,14,28,0,0,0.013372041001275647,19,0,0,0.0,0.3459412874843867,0.5638091821730266,0.7368421052631579,0.0,False,"Routing deadlock: qudits 13/7 cannot be co-located (traps 't2'/None both stayed full) after 30 attempts with no other progress. This needs real congestion resolution (eviction/rerouting), which doesn't exist yet -- see CongestionHandler.",hybrid_qubo,14,28,0,0,0.013370291999308392,19,1,0,0.0,0.3459412874843867,0.5638091821730266,0.7368421052631579,0.0,False,"Routing deadlock: qudits 13/7 cannot be co-located (traps 't2'/None both stayed full) after 30 attempts with no other progress. This needs real congestion resolution (eviction/rerouting), which doesn't exist yet -- see CongestionHandler.",0.0,0.0,-0.00013079543856375775,baseline_failed
187_random_4q.qasm,baseline,4,12,0,0,0.0019519999987096526,2,0,0,0.0,0.26111111111111107,0.3472222222222222,0.0,0.0,False,"Routing deadlock: qudits 0/1 cannot be co-located (traps 't0'/'t3' both stayed full) after 14 attempts with no other progress. This needs real congestion resolution (eviction/rerouting), which doesn't exist yet -- see CongestionHandler.",hybrid_qubo,4,12,0,0,0.0024798329977784306,2,0,0,0.0,0.26111111111111107,0.3472222222222222,0.0,0.0,False,"Routing deadlock: qudits 0/1 cannot be co-located (traps 't0'/'t3' both stayed full) after 14 attempts with no other progress. This needs real congestion resolution (eviction/rerouting), which doesn't exist yet -- see CongestionHandler.",0.0,0.0,0.2704062497016886,baseline_failed
188_random_11q.qasm,baseline,11,44,0,0,0.020796208998945076,33,0,0,0.0,0.3678759529275525,0.6029368562385568,0.7878787878787878,0.0,False,"Routing deadlock: qudits 9/10 cannot be co-located (traps None/'t7' both stayed full) after 46 attempts with no other progress. This needs real congestion resolution (eviction/rerouting), which doesn't exist yet -- see CongestionHandler.",hybrid_qubo,11,44,0,0,0.021369665999372955,33,6,0,0.0,0.3678759529275525,0.6029368562385568,0.7878787878787878,0.0,False,"Routing deadlock: qudits 9/10 cannot be co-located (traps None/'t7' both stayed full) after 46 attempts with no other progress. This needs real congestion resolution (eviction/rerouting), which doesn't exist yet -- see CongestionHandler.",0.0,0.0,0.027575073921259907,baseline_failed
189_random_18q.qasm,baseline,18,90,0,0,0.010023625000030734,10,0,0,0.0,0.35250994600738844,0.6201243201243201,0.6,0.0,False,"Routing deadlock: qudits 4/3 cannot be co-located (traps None/'t3' both stayed full) after 92 attempts with no other progress. This needs real congestion resolution (eviction/rerouting), which doesn't exist yet -- see CongestionHandler.",hybrid_qubo,18,90,0,0,0.009980791997804772,10,1,0,0.0,0.35250994600738844,0.6201243201243201,0.6,0.0,False,"Routing deadlock: qudits 4/3 cannot be co-located (traps None/'t3' both stayed full) after 92 attempts with no other progress. This needs real congestion resolution (eviction/rerouting), which doesn't exist yet -- see CongestionHandler.",0.0,0.0,-0.004273204776299,baseline_failed
190_random_8q.qasm,baseline,8,16,83,39,0.008924166999349836,13,0,0,0.0,0.4526200295431065,0.7176072795982298,0.9230769230769231,0.0,True,,hybrid_qubo,8,16,83,39,0.008245375000115018,13,3,0,0.0,0.4526200295431065,0.7176072795982298,0.9230769230769231,0.0,True,,0.0,0.0,-0.07606222511123684,tie
191_random_15q.qasm,baseline,15,45,0,0,0.008772334003879223,14,0,0,0.0,0.39691847471840935,0.6395992895992896,0.5714285714285714,0.0,False,"Routing deadlock: qudits 7/2 cannot be co-located (traps 't2'/None both stayed full) after 47 attempts with no other progress. This needs real congestion resolution (eviction/rerouting), which doesn't exist yet -- see CongestionHandler.",hybrid_qubo,15,45,0,0,0.008971749994088896,14,2,0,0.0,0.39691847471840935,0.6395992895992896,0.5714285714285714,0.0,False,"Routing deadlock: qudits 7/2 cannot be co-located (traps 't2'/None both stayed full) after 47 attempts with no other progress. This needs real congestion resolution (eviction/rerouting), which doesn't exist yet -- see CongestionHandler.",0.0,0.0,0.022732375456918197,baseline_failed
192_random_5q.qasm,baseline,5,20,0,0,0.0017436249981983565,2,0,0,0.0,0.31666666666666665,0.4722222222222222,0.0,0.0,False,"Routing deadlock: qudits 0/2 cannot be co-located (traps 't0'/'t2' both stayed full) after 22 attempts with no other progress. This needs real congestion resolution (eviction/rerouting), which doesn't exist yet -- see CongestionHandler.",hybrid_qubo,5,20,0,0,0.0017145830061053857,2,0,0,0.0,0.31666666666666665,0.4722222222222222,0.0,0.0,False,"Routing deadlock: qudits 0/2 cannot be co-located (traps 't0'/'t2' both stayed full) after 22 attempts with no other progress. This needs real congestion resolution (eviction/rerouting), which doesn't exist yet -- see CongestionHandler.",0.0,0.0,-0.016656099862630502,baseline_failed
193_random_12q.qasm,baseline,12,60,0,0,0.019830459001241252,28,0,0,0.0,0.37107871437537515,0.6254287374555917,0.8214285714285714,0.0,False,"Routing deadlock: qudits 10/6 cannot be co-located (traps 't0'/'t4' both stayed full) after 62 attempts with no other progress. This needs real congestion resolution (eviction/rerouting), which doesn't exist yet -- see CongestionHandler.",hybrid_qubo,12,60,0,0,0.020359333997475915,28,3,0,0.0,0.37107871437537515,0.6254287374555917,0.8214285714285714,0.0,False,"Routing deadlock: qudits 10/6 cannot be co-located (traps 't0'/'t4' both stayed full) after 62 attempts with no other progress. This needs real congestion resolution (eviction/rerouting), which doesn't exist yet -- see CongestionHandler.",0.0,0.0,0.026669831303529623,baseline_failed
194_random_19q.qasm,baseline,19,38,407,171,0.04650162499456201,29,0,0,0.0,0.389821837140036,0.6707063300743241,0.8275862068965517,0.0,True,,hybrid_qubo,19,38,407,171,0.030752792001294438,29,4,0,0.0,0.389821837140036,0.6707063300743241,0.8275862068965517,0.0,True,,0.0,0.0,-0.3386727452021143,tie
195_random_9q.qasm,baseline,9,27,0,0,0.005802040999697056,8,0,0,0.0,0.34939362108479755,0.5598501461988303,0.875,0.0,False,"Routing deadlock: qudits 3/5 cannot be co-located (traps None/'t0' both stayed full) after 29 attempts with no other progress. This needs real congestion resolution (eviction/rerouting), which doesn't exist yet -- see CongestionHandler.",hybrid_qubo,9,27,0,0,0.005858750002516899,8,0,0,0.0,0.34939362108479755,0.5598501461988303,0.875,0.0,False,"Routing deadlock: qudits 3/5 cannot be co-located (traps None/'t0' both stayed full) after 29 attempts with no other progress. This needs real congestion resolution (eviction/rerouting), which doesn't exist yet -- see CongestionHandler.",0.0,0.0,0.009773974851746914,baseline_failed
196_random_16q.qasm,baseline,16,64,0,0,0.023436208000930492,26,0,0,0.0,0.33931691589574675,0.5858125794070553,0.6923076923076923,0.0,False,"Routing deadlock: qudits 10/14 cannot be co-located (traps None/'t14' both stayed full) after 66 attempts with no other progress. This needs real congestion resolution (eviction/rerouting), which doesn't exist yet -- see CongestionHandler.",hybrid_qubo,16,64,0,0,0.024039124997216277,26,1,0,0.0,0.33931691589574675,0.5858125794070553,0.6923076923076923,0.0,False,"Routing deadlock: qudits 10/14 cannot be co-located (traps None/'t14' both stayed full) after 66 attempts with no other progress. This needs real congestion resolution (eviction/rerouting), which doesn't exist yet -- see CongestionHandler.",0.0,0.0,0.025725876654697943,baseline_failed
197_random_6q.qasm,baseline,6,30,0,0,0.003127791998849716,5,0,0,0.0,0.34393939393939393,0.4860606060606061,0.4,0.0,False,"Routing deadlock: qudits 1/4 cannot be co-located (traps 't2'/'t0' both stayed full) after 32 attempts with no other progress. This needs real congestion resolution (eviction/rerouting), which doesn't exist yet -- see CongestionHandler.",hybrid_qubo,6,30,0,0,0.0030512500015902333,5,0,0,0.0,0.34393939393939393,0.4860606060606061,0.4,0.0,False,"Routing deadlock: qudits 1/4 cannot be co-located (traps 't2'/'t0' both stayed full) after 32 attempts with no other progress. This needs real congestion resolution (eviction/rerouting), which doesn't exist yet -- see CongestionHandler.",0.0,0.0,-0.024471575247852817,baseline_failed
198_random_13q.qasm,baseline,13,26,0,0,0.009852125003817491,11,0,0,0.0,0.35518399616726337,0.6110219935841884,0.7272727272727273,0.0,False,"Routing deadlock: qudits 10/11 cannot be co-located (traps 't10'/'t3' both stayed full) after 28 attempts with no other progress. This needs real congestion resolution (eviction/rerouting), which doesn't exist yet -- see CongestionHandler.",hybrid_qubo,13,26,0,0,0.0102667500032112,11,1,0,0.0,0.35518399616726337,0.6110219935841884,0.7272727272727273,0.0,False,"Routing deadlock: qudits 10/11 cannot be co-located (traps 't10'/'t3' both stayed full) after 28 attempts with no other progress. This needs real congestion resolution (eviction/rerouting), which doesn't exist yet -- see CongestionHandler.",0.0,0.0,0.04208482933712787,baseline_failed
199_random_20q.qasm,baseline,20,60,0,0,0.036175791996356566,41,0,0,0.0,0.39486735497330916,0.6911805480178803,0.8292682926829268,0.0,False,"Routing deadlock: qudits 17/14 cannot be co-located (traps 't5'/'t9' both stayed full) after 62 attempts with no other progress. This needs real congestion resolution (eviction/rerouting), which doesn't exist yet -- see CongestionHandler.",hybrid_qubo,20,60,0,0,0.03603633299644571,41,4,0,0.0,0.39486735497330916,0.6911805480178803,0.8292682926829268,0.0,False,"Routing deadlock: qudits 17/14 cannot be co-located (traps 't5'/'t9' both stayed full) after 62 attempts with no other progress. This needs real congestion resolution (eviction/rerouting), which doesn't exist yet -- see CongestionHandler.",0.0,0.0,-0.0038550365372761464,baseline_failed
200_random_10q.qasm,baseline,10,40,0,0,0.005810416994791012,11,0,0,0.0,0.4143859649122807,0.6235209235209235,0.6363636363636364,0.0,False,"Routing deadlock: qudits 8/9 cannot be co-located (traps 't8'/'t4' both stayed full) after 42 attempts with no other progress. This needs real congestion resolution (eviction/rerouting), which doesn't exist yet -- see CongestionHandler.",hybrid_qubo,10,40,0,0,0.005848500004503876,11,2,0,0.0,0.4143859649122807,0.6235209235209235,0.6363636363636364,0.0,False,"Routing deadlock: qudits 8/9 cannot be co-located (traps 't8'/'t4' both stayed full) after 42 attempts with no other progress. This needs real congestion resolution (eviction/rerouting), which doesn't exist yet -- see CongestionHandler.",0.0,0.0,0.006554264478264571,baseline_failed
basic_2qubit.qasm,baseline,4,2,2,0,0.0004196250010863878,0,0,0,0.0,0.0,0.0,0.0,0.0,True,,hybrid_qubo,4,2,2,0,0.0003854590031551197,0,0,0,0.0,0.0,0.0,0.0,0.0,True,,0.0,0.0,-0.08142031061737032,tie
congestion.qasm,baseline,5,4,14,5,0.0018404590009595267,3,0,0,0.0,0.4444444444444444,0.6262626262626262,0.6666666666666666,0.0,True,,hybrid_qubo,5,4,14,5,0.001503165993199218,3,0,0,0.0,0.4444444444444444,0.6262626262626262,0.6666666666666666,0.0,True,,0.0,0.0,-0.1832657003413064,tie
high_contention.qasm,baseline,8,8,0,0,0.0029559579998021945,3,0,0,0.0,0.3333333333333333,0.5571428571428572,0.0,0.0,False,"Routing deadlock: qudits 1/7 cannot be co-located (traps 't6'/'t0' both stayed full) after 10 attempts with no other progress. This needs real congestion resolution (eviction/rerouting), which doesn't exist yet -- see CongestionHandler.",hybrid_qubo,8,8,0,0,0.002812833001371473,3,0,0,0.0,0.3333333333333333,0.5571428571428572,0.0,0.0,False,"Routing deadlock: qudits 1/7 cannot be co-located (traps 't6'/'t0' both stayed full) after 10 attempts with no other progress. This needs real congestion resolution (eviction/rerouting), which doesn't exist yet -- see CongestionHandler.",0.0,0.0,-0.04841915833726296,baseline_failed
large_benchmark.qasm,baseline,10,12,0,0,0.003963041999668349,4,0,0,0.0,0.3398300849575212,0.5876623376623377,0.0,0.0,False,"Routing deadlock: qudits 1/9 cannot be co-located (traps 't8'/'t9' both stayed full) after 14 attempts with no other progress. This needs real congestion resolution (eviction/rerouting), which doesn't exist yet -- see CongestionHandler.",hybrid_qubo,10,12,0,0,0.0039455410005757585,4,0,0,0.0,0.3398300849575212,0.5876623376623377,0.0,0.0,False,"Routing deadlock: qudits 1/9 cannot be co-located (traps 't8'/'t9' both stayed full) after 14 attempts with no other progress. This needs real congestion resolution (eviction/rerouting), which doesn't exist yet -- see CongestionHandler.",0.0,0.0,-0.004416051884904237,baseline_failed
linear_chain.qasm,baseline,4,3,11,3,0.0011410840015741996,2,0,0,0.0,0.44285714285714284,0.6666666666666666,0.5,0.0,True,,hybrid_qubo,4,3,11,3,0.0011113749933429062,2,1,0,0.0,0.44285714285714284,0.6666666666666666,0.5,0.0,True,,0.0,0.0,-0.02603577667402912,tie
long_distance.qasm,baseline,4,2,8,2,0.0008167920022970065,1,0,0,0.0,0.3333333333333333,0.5,0.0,0.0,True,,hybrid_qubo,4,2,8,2,0.00081533299817238,1,0,0,0.0,0.3333333333333333,0.5,0.0,0.0,True,,0.0,0.0,-0.0017862615213217747,tie
repeated_interactions.qasm,baseline,6,6,0,0,0.00153133300045738,2,0,0,0.0,0.3333333333333333,0.5357142857142857,0.0,0.0,False,"Routing deadlock: qudits 1/5 cannot be co-located (traps 't4'/'t0' both stayed full) after 8 attempts with no other progress. This needs real congestion resolution (eviction/rerouting), which doesn't exist yet -- see CongestionHandler.",hybrid_qubo,6,6,0,0,0.0015003329972387291,2,0,0,0.0,0.3333333333333333,0.5357142857142857,0.0,0.0,False,"Routing deadlock: qudits 1/5 cannot be co-located (traps 't4'/'t0' both stayed full) after 8 attempts with no other progress. This needs real congestion resolution (eviction/rerouting), which doesn't exist yet -- see CongestionHandler.",0.0,0.0,-0.020243802758375673,baseline_failed
